FactionID,Name,KnessetNum,StartDate,EndDate,IsCurrent,NumberOfMembers,StatusID,StatusDesc,LastUpdatedDate
3,ישראל אחת,15,1999-06-07T00:00:00,,False,,,,2019-01-24T11:45:06.46
4,הליכוד,15,1999-06-07T00:00:00,,False,,,,2019-01-24T11:45:06.46
5,"ש""ס",15,1999-06-07T00:00:00,,False,,,,2019-01-24T11:45:06.46
6,מרצ,15,1999-06-07T00:00:00,,False,,,,2019-01-24T11:45:06.46
7,האיחוד הלאומי - ישראל ביתנו,15,2000-02-01T00:00:00,,False,,,,2022-01-23T15:10:00
8,שינוי,15,1999-06-07T00:00:00,,False,,,,2019-01-24T11:45:06.46
9,מפלגה דתית לאומית,15,1999-06-07T00:00:00,,False,,,,2022-01-23T15:10:00
10,יהדות התורה,15,1999-06-07T00:00:00,,False,,,,2019-01-24T11:45:06.46
11,ישראל בעלייה,15,1999-06-07T00:00:00,,False,,,,2022-08-09T13:35:00
12,גשר,15,2001-03-07T00:00:00,,False,,,,2019-01-24T11:45:06.46
13,דרך חדשה,15,2001-03-06T00:00:00,,False,,,,2019-01-24T11:45:06.46
14,"חד""ש",15,1999-06-07T00:00:00,,False,,,,2019-01-24T11:45:06.46
15,מפלגת המרכז,15,1999-06-07T00:00:00,,False,,,,2019-01-24T11:45:06.46
16,"רע""ם",15,1999-06-07T00:00:00,,False,,,,2019-01-24T11:45:06.46
17,הבחירה הדמוקרטית,15,1999-10-18T00:00:00,,False,,,,2022-01-23T15:10:00
18,מפלגה לאומית ערבית,15,2001-02-19T00:00:00,,False,,,,2019-01-24T11:45:06.46
19,עם אחד,15,1999-06-07T00:00:00,,False,,,,2019-01-24T11:45:06.46
20,"בל""ד",15,1999-06-07T00:00:00,,False,,,,2019-01-24T11:45:06.46
21,חרות - התנועה הלאומית,15,2000-02-01T00:00:00,,False,,,,2019-01-24T11:45:06.46
22,התנועה הערבית להתחדשות,15,1999-12-21T00:00:00,,False,,,,2022-01-23T15:10:00
23,העבודה - מימד,15,2001-05-15T00:00:00,,False,,,,2022-01-23T15:10:00
24,הליכוד,16,2003-02-17T00:00:00,,False,,,,2019-01-24T11:45:06.46
42,העבודה-מימד בראשות מצנע,16,2003-02-17T00:00:00,,False,,,,2019-01-24T11:45:06.46
43,שינוי התנועה החילונית,16,2003-02-17T00:00:00,,False,,,,2019-01-24T11:45:06.46
44,התאחדות הספרדים העולמית שומרי תורה,16,2003-02-17T00:00:00,,False,,,,2019-01-24T11:45:06.46
45,האיחוד הלאומי - ישראל ביתנו - מולדת - תקומה,16,2003-02-17T00:00:00,,False,,,,2022-01-16T14:00:00
46,מרצ - הבחירה הדמוקרטית - שחר,16,2003-02-17T00:00:00,,False,,,,2019-01-24T11:45:06.46
47,עם אחד בראשות עמיר פרץ,16,2003-02-17T00:00:00,,False,,,,2019-01-24T11:45:06.46
48,יהדות התורה והשבת אגודת ישראל - דגל התורה,16,2003-02-17T00:00:00,,False,,,,2019-01-24T11:45:06.46
49,מפלגה דתית לאומית,16,2003-02-17T00:00:00,,False,,,,2019-01-24T11:45:06.46
50,"חד""ש - תע""ל",16,2003-02-17T00:00:00,,False,,,,2019-01-24T11:45:06.46
51,"בל""ד (ברית לאומית דמוקרטית)",16,2003-02-17T00:00:00,,False,,,,2019-01-24T11:45:06.46
52,הרשימה הערבית המאוחדת,16,2003-02-17T00:00:00,,False,,,,2019-01-24T11:45:06.46
53,ישראל בעלייה בראשות נתן שרנסקי,16,2003-02-17T00:00:00,,False,,,,2019-01-24T11:45:06.46
62,יחד והבחירה הדמוקרטית,16,2004-06-15T00:00:00,,False,,,,2019-01-24T11:45:06.46
83,מפלגת הפועלים המאוחדת,0,1948-02-14T00:00:00,,False,,,,2019-01-24T11:45:06.46
85,אגודת ישראל,0,1948-02-14T00:00:00,,False,,,,2019-01-24T11:45:06.46
87,מפלגת פועלי ארץ ישראל,0,1948-02-14T00:00:00,,False,,,,2019-01-24T11:45:06.46
89,תנועת החירות,0,1948-02-14T00:00:00,,False,,,,2019-01-24T11:45:06.46
91,הציונים הכלליים,0,1948-02-14T00:00:00,,False,,,,2019-01-24T11:45:06.46
93,האיחוד הארצי של הספרדים,0,1948-02-14T00:00:00,,False,,,,2019-01-24T11:45:06.46
95,המפלגה הפרוגרסיבית,0,1948-02-14T00:00:00,,False,,,,2019-01-24T11:45:06.46
97,פועלי אגודת ישראל,0,1948-02-14T00:00:00,,False,,,,2019-01-24T11:45:06.46
99,המפלגה הקומוניסטית הישראלית,0,1948-02-14T00:00:00,,False,,,,2019-01-24T11:45:06.46
101,המזרחי ודתיים בלתי מפלגתיים,0,1948-02-14T00:00:00,,False,,,,2019-01-24T11:45:06.46
103,"הסתדרות נשים ציוניות ""ויצו""",0,1948-02-14T00:00:00,,False,,,,2019-01-24T11:45:06.46
105,מפלגת פועלים מאוחדת,1,1949-02-14T00:00:00,,False,,,,2019-01-24T11:45:06.46
109,מפלגת פועלי ארץ-ישראל,1,1949-02-14T00:00:00,,False,,,,2019-01-24T11:45:06.46
111,רשימה דמוקרטית של נצרת,1,1949-02-14T00:00:00,,False,,,,2019-01-24T11:45:06.46
115,תנועת החרות,1,1949-02-14T00:00:00,,False,,,,2019-01-24T11:45:06.46
117,ציונים כלליים,1,1949-02-14T00:00:00,,False,,,,2019-01-24T11:45:06.46
119,ספרדים ועדות מזרח,1,1949-02-14T00:00:00,,False,,,,2019-01-24T11:45:06.46
123,מפלגה פרוגרסיבית,1,1949-02-14T00:00:00,,False,,,,2019-01-24T11:45:06.46
125,רשימת הלוחמים,1,1949-02-14T00:00:00,,False,,,,2019-01-24T11:45:06.46
129,מפלגה קומוניסטית ישראלית,1,1949-02-14T00:00:00,,False,,,,2019-01-24T11:45:06.46
131,חזית דתית מאוחדת,1,1949-02-14T00:00:00,,False,,,,2019-01-24T11:45:06.46
139,התאחדות התימנים בישראל,1,1949-02-14T00:00:00,,False,,,,2019-01-24T11:45:06.46
145,"ויצ""ו",1,1949-02-14T00:00:00,,False,,,,2019-01-24T11:45:06.46
147,מפלגת פועלים מאוחדת,2,1951-08-20T00:00:00,,False,,,,2019-01-24T11:45:06.46
149,מפלגת פועלי ארץ-ישראל,2,1951-08-20T00:00:00,,False,,,,2019-01-24T11:45:06.46
151,רשימה דמוקרטית לערביי ישראל,2,1951-08-20T00:00:00,,False,,,,2019-01-24T11:45:06.46
153,תנועת החרות,2,1951-08-20T00:00:00,,False,,,,2019-01-24T11:45:06.46
155,ציונים כלליים,2,1951-08-20T00:00:00,,False,,,,2019-01-24T11:45:06.46
159,חקלאות ופיתוח,2,1951-08-20T00:00:00,,False,,,,2019-01-24T11:45:06.46
161,מפלגה פרוגרסיבית,2,1951-08-20T00:00:00,,False,,,,2019-01-24T11:45:06.46
163,אחדות העבודה - פועלי ציון,2,1954-08-23T00:00:00,,False,,,,2019-01-24T11:45:06.46
165,פועלי אגודת ישראל,2,1951-08-20T00:00:00,,False,,,,2019-01-24T11:45:06.46
167,מפלגה קומוניסטית ישראלית,2,1951-08-20T00:00:00,,False,,,,2019-01-24T11:45:06.46
169,מזרחי,2,1951-08-20T00:00:00,,False,,,,2019-01-24T11:45:06.46
171,אגודת ישראל,2,1951-08-20T00:00:00,,False,,,,2019-01-24T11:45:06.46
173,הפועל המזרחי,2,1951-08-20T00:00:00,,False,,,,2022-01-23T15:10:00
179,התאחדות התימנים בישראל,2,1951-08-20T00:00:00,,False,,,,2019-01-24T11:45:06.46
181,קידמה ועבודה,2,1951-08-20T00:00:00,,False,,,,2019-01-24T11:45:06.46
183,ספרדים ועדות מזרח,2,1951-08-20T00:00:00,,False,,,,2019-01-24T11:45:06.46
185,מפלגת פועלים מאוחדת,3,1955-08-15T00:00:00,,False,,,,2019-01-24T11:45:06.46
189,מפלגת פועלי ארץ-ישראל,3,1955-08-15T00:00:00,,False,,,,2019-01-24T11:45:06.46
191,רשימה דמוקרטית לערביי ישראל,3,1955-08-15T00:00:00,,False,,,,2019-01-24T11:45:06.46
193,תנועת החרות,3,1955-08-15T00:00:00,,False,,,,2019-01-24T11:45:06.46
195,ציונים כלליים,3,1955-08-15T00:00:00,,False,,,,2019-01-24T11:45:06.46
197,חקלאות ופיתוח,3,1955-08-15T00:00:00,,False,,,,2019-01-24T11:45:06.46
199,מפלגה פרוגרסיבית,3,1955-08-15T00:00:00,,False,,,,2019-01-24T11:45:06.46
203,אחדות העבודה - פועלי ציון,3,1955-08-15T00:00:00,,False,,,,2019-01-24T11:45:06.46
205,מפלגה קומוניסטית ישראלית,3,1955-08-15T00:00:00,,False,,,,2019-01-24T11:45:06.46
207,חזית דתית לאומית,3,1955-08-15T00:00:00,,False,,,,2019-01-24T11:45:06.46
209,חזית דתית תורתית,3,1955-08-15T00:00:00,,False,,,,2019-01-24T11:45:06.46
211,קידמה ועבודה,3,1955-08-15T00:00:00,,False,,,,2019-01-24T11:45:06.46
213,מפלגת פועלים מאוחדת,4,1959-11-30T00:00:00,,False,,,,2019-01-24T11:45:06.46
215,אגודת ישראל,4,1960-08-09T00:00:00,,False,,,,2019-01-24T11:45:06.46
217,קידמה ופיתוח,4,1959-11-30T00:00:00,,False,,,,2019-01-24T11:45:06.46
219,מפלגת פועלי ארץ-ישראל,4,1959-11-30T00:00:00,,False,,,,2019-01-24T11:45:06.46
221,תנועת החרות,4,1959-11-30T00:00:00,,False,,,,2019-01-24T11:45:06.46
223,ציונים כלליים,4,1959-11-30T00:00:00,,False,,,,2019-01-24T11:45:06.46
225,חקלאות ופיתוח,4,1959-11-30T00:00:00,,False,,,,2019-01-24T11:45:06.46
227,מפלגה פרוגרסיבית,4,1959-11-30T00:00:00,,False,,,,2019-01-24T11:45:06.46
229,שיתוף ואחווה,4,1959-11-30T00:00:00,,False,,,,2019-01-24T11:45:06.46
231,אחדות העבודה - פועלי ציון,4,1959-11-30T00:00:00,,False,,,,2019-01-24T11:45:06.46
233,פועלי אגודת ישראל,4,1960-08-09T00:00:00,,False,,,,2019-01-24T11:45:06.46
235,מפלגה קומוניסטית ישראלית,4,1959-11-30T00:00:00,,False,,,,2019-01-24T11:45:06.46
237,מפלגה דתית לאומית,4,1959-11-30T00:00:00,,False,,,,2019-01-24T11:45:06.46
239,חזית דתית תורתית,4,1959-11-30T00:00:00,,False,,,,2019-01-24T11:45:06.46
241,מפלגה ליברלית ישראלית,4,1961-05-08T00:00:00,,False,,,,2019-01-24T11:45:06.46
243,מפלגת פועלים מאוחדת,5,1961-09-04T00:00:00,,False,,,,2019-01-24T11:45:06.46
245,אגודת ישראל,5,1961-09-04T00:00:00,,False,,,,2019-01-24T11:45:06.46
249,קידמה ופיתוח,5,1961-09-04T00:00:00,,False,,,,2019-01-24T11:45:06.46
251,מפלגת פועלי ארץ-ישראל,5,1961-09-04T00:00:00,,False,,,,2019-01-24T11:45:06.46
253,תנועת החרות,5,1961-09-04T00:00:00,,False,,,,2019-01-24T11:45:06.46
255,גוש חרות ליברלים,5,1965-05-25T00:00:00,,False,,,,2019-01-24T11:45:06.46
257,רשימת פועלים ישראלית,5,1965-07-14T00:00:00,,False,,,,2019-01-24T11:45:06.46
259,שיתוף ואחווה,5,1961-09-04T00:00:00,,False,,,,2019-01-24T11:45:06.46
261,אחדות העבודה - פועלי ציון,5,1961-09-04T00:00:00,,False,,,,2019-01-24T11:45:06.46
263,פועלי אגודת ישראל,5,1961-09-04T00:00:00,,False,,,,2019-01-24T11:45:06.46
265,מפלגה קומוניסטית ישראלית,5,1961-09-04T00:00:00,,False,,,,2019-01-24T11:45:06.46
269,מפלגה דתית לאומית,5,1961-09-04T00:00:00,,False,,,,2019-01-24T11:45:06.46
271,מפלגה ליברלית ישראלית,5,1961-09-04T00:00:00,,False,,,,2019-01-24T11:45:06.46
273,ליברלים עצמאיים,5,1965-03-16T00:00:00,,False,,,,2019-01-24T11:45:06.46
275,רשימה קומוניסטית חדשה,5,1965-09-01T00:00:00,,False,,,,2019-01-24T11:45:06.46
279,מפלגת פועלים מאוחדת,6,1965-11-22T00:00:00,,False,,,,2019-01-24T11:45:06.46
283,אגודת ישראל,6,1965-11-22T00:00:00,,False,,,,2019-01-24T11:45:06.46
285,קידמה ופיתוח,6,1965-11-22T00:00:00,,False,,,,2019-01-24T11:45:06.46
287,גוש חרות ליברלים,6,1965-11-22T00:00:00,,False,,,,2019-01-24T11:45:06.46
289,רשימת פועלים ישראלית,6,1965-11-22T00:00:00,,False,,,,2019-01-24T11:45:06.46
291,שיתוף ואחווה,6,1965-11-22T00:00:00,,False,,,,2019-01-24T11:45:06.46
293,פועלי אגודת ישראל,6,1965-11-22T00:00:00,,False,,,,2019-01-24T11:45:06.46
295,מפלגה קומוניסטית ישראלית,6,1965-11-22T00:00:00,,False,,,,2019-01-24T11:45:06.46
297,אחווה יהודית - ערבית,6,1968-10-22T00:00:00,,False,,,,2019-01-24T11:45:06.46
299,מערך,6,1969-01-28T00:00:00,,False,,,,2019-01-24T11:45:06.46
303,מפלגה דתית לאומית,6,1965-11-22T00:00:00,,False,,,,2019-01-24T11:45:06.46
305,ליברלים עצמאיים,6,1965-11-22T00:00:00,,False,,,,2019-01-24T11:45:06.46
307,המרכז החופשי,6,1967-03-29T00:00:00,,False,,,,2022-01-23T15:10:00
309,רשימה קומוניסטית חדשה,6,1965-11-22T00:00:00,,False,,,,2019-01-24T11:45:06.46
311,העולם הזה - כוח חדש,6,1965-11-22T00:00:00,,False,,,,2019-01-24T11:45:06.46
315,מפלגה דתית לאומית,7,1969-11-17T00:00:00,,False,,,,2019-01-24T11:45:06.46
319,אגודת ישראל,7,1969-11-17T00:00:00,,False,,,,2019-01-24T11:45:06.46
321,קידמה ופיתוח,7,1969-11-17T00:00:00,,False,,,,2019-01-24T11:45:06.46
325,גוש חרות ליברלים,7,1969-11-17T00:00:00,,False,,,,2019-01-24T11:45:06.46
329,שיתוף ואחווה,7,1969-11-17T00:00:00,,False,,,,2019-01-24T11:45:06.46
331,פועלי אגודת ישראל,7,1969-11-17T00:00:00,,False,,,,2019-01-24T11:45:06.46
333,מפלגה קומוניסטית ישראלית,7,1969-11-17T00:00:00,,False,,,,2019-01-24T11:45:06.46
337,מערך,7,1969-11-17T00:00:00,,False,,,,2019-01-24T11:45:06.46
339,הרשימה הממלכתית,7,1969-11-17T00:00:00,,False,,,,2022-01-23T15:10:00
345,מוקד,7,1973-07-25T00:00:00,,False,,,,2019-01-24T11:45:06.46
347,ליברלים עצמאיים,7,1969-11-17T00:00:00,,False,,,,2019-01-24T11:45:06.46
349,מרכז חופשי,7,1969-11-17T00:00:00,,False,,,,2019-01-24T11:45:06.46
351,רשימה קומוניסטית חדשה,7,1969-11-17T00:00:00,,False,,,,2019-01-24T11:45:06.46
353,העולם הזה - כוח חדש,7,1969-11-17T00:00:00,,False,,,,2019-01-24T11:45:06.46
355,הליכוד,8,1974-01-21T00:00:00,,False,,,,2019-01-24T11:45:06.46
357,מפלגה דתית לאומית,8,1974-01-21T00:00:00,,False,,,,2019-01-24T11:45:06.46
359,"ר""ץ",8,1974-01-21T00:00:00,,False,,,,2019-01-24T11:45:06.46
361,יהדות התורה ­ אגודת ישראל ודתיים בלתי מפלגתיים,8,1977-03-15T00:00:00,,False,,,,2022-01-23T15:10:00
365,קידמה ופיתוח,8,1974-01-21T00:00:00,,False,,,,2019-01-24T11:45:06.46
367,רשימה ערבית לבדואים וכפריים,8,1974-01-21T00:00:00,,False,,,,2019-01-24T11:45:06.46
369,הרשימה הערבית המאוחדת,8,1977-03-08T00:00:00,,False,,,,2022-01-23T15:10:00
371,המחנה התורתי ­ פועלי אגודת ישראל ודתיים בלתי מפלגתיים,8,1977-03-15T00:00:00,,False,,,,2022-01-23T15:10:00
375,מערך,8,1974-01-21T00:00:00,,False,,,,2019-01-24T11:45:06.46
379,חזית דתית תורתית,8,1974-01-21T00:00:00,,False,,,,2019-01-24T11:45:06.46
381,ליברלים עצמאיים,9,1977-06-13T00:00:00,,False,,,,2019-01-24T11:45:06.46
383,פלאטו שרון,9,1977-06-13T00:00:00,,False,,,,2019-01-24T11:45:06.46
385,מוקד,8,1974-01-21T00:00:00,,False,,,,2019-01-24T11:45:06.46
387,ליברלים עצמאיים,8,1974-01-21T00:00:00,,False,,,,2019-01-24T11:45:06.46
389,הרשימה הקומוניסטית החדשה,8,1974-01-21T00:00:00,,False,,,,2022-01-23T15:10:00
391,חזית דמוקרטית לשלום ולשוויון,8,1977-03-15T00:00:00,,False,,,,2022-01-23T15:10:00
393,שלומציון,9,1977-06-13T00:00:00,,False,,,,2019-01-24T11:45:06.46
395,"חה""כ סעדיה מרציאנו",9,1980-11-11T00:00:00,,False,,,,2022-01-23T15:10:00
397,הליכוד,9,1977-06-13T00:00:00,,False,,,,2019-01-24T11:45:06.46
399,מפלגה דתית לאומית,9,1977-06-13T00:00:00,,False,,,,2019-01-24T11:45:06.46
405,"ר""ץ",9,1977-06-13T00:00:00,,False,,,,2019-01-24T11:45:06.46
407,שינוי - מפלגת המרכז,9,1980-07-29T00:00:00,,False,,,,2022-01-23T15:10:00
409,אגודת ישראל,9,1977-06-13T00:00:00,,False,,,,2019-01-24T11:45:06.46
413,תנועה לשינוי ויוזמה,9,1978-09-14T00:00:00,,False,,,,2019-01-24T11:45:06.46
419,הרשימה הערבית המאוחדת,9,1977-06-13T00:00:00,,False,,,,2022-01-23T15:10:00
421,"תל""ם - התנועה להתחדשות ממלכתית",9,1981-05-19T00:00:00,,False,,,,2022-01-23T15:10:00
422,דגל התורה,16,2005-01-12T00:00:00,,False,,,,2019-01-24T11:45:06.46
423,התנועה הדמוקרטית לשינוי,9,1977-06-13T00:00:00,,False,,,,2022-01-23T15:10:00
424,אגודת ישראל,16,2005-01-12T00:00:00,,False,,,,2019-01-24T11:45:06.46
425,התנועה הדמוקרטית,9,1978-09-14T00:00:00,,False,,,,2022-01-23T15:10:00
427,ישראל אחת,9,1980-11-11T00:00:00,,False,,,,2022-01-23T15:10:00
429,פועלי אגודת ישראל,9,1977-06-13T00:00:00,,False,,,,2019-01-24T11:45:06.46
431,מערך,9,1977-06-13T00:00:00,,False,,,,2019-01-24T11:45:06.46
433,"מחנה של""י",9,1977-06-13T00:00:00,,False,,,,2019-01-24T11:45:06.46
435,חזית דמוקרטית לשלום ושוויון,9,1977-06-13T00:00:00,,False,,,,2019-01-24T11:45:06.46
437,אחווה,9,1980-07-08T00:00:00,,False,,,,2019-01-24T11:45:06.46
439,יעד,9,1978-09-14T00:00:00,,False,,,,2022-01-23T15:10:00
441,הליכוד,10,1981-07-20T00:00:00,,False,,,,2019-01-24T11:45:06.46
442,התחברות,16,2005-03-21T00:00:00,,False,,,,2019-01-24T11:45:06.46
444,ציונות לאומית דתית מתחדשת,16,2005-05-16T00:00:00,,False,,,,2019-01-24T11:45:06.46
445,חזית דתית לאומית,10,1981-07-20T00:00:00,,False,,,,2022-01-23T15:10:00
447,תנועה למסורת ישראל,10,1981-07-20T00:00:00,,False,,,,2019-01-24T11:45:06.46
455,תחייה,10,1981-07-20T00:00:00,,False,,,,2019-01-24T11:45:06.46
457,"ר""ץ",10,1981-07-20T00:00:00,,False,,,,2019-01-24T11:45:06.46
459,שינוי,10,1981-07-20T00:00:00,,False,,,,2022-01-23T15:10:00
462,"צל""ש - ציונות ליברליות שוויון",16,2005-05-18T00:00:00,,False,,,,2019-01-24T11:45:06.46
463,אגודת ישראל,10,1981-07-20T00:00:00,,False,,,,2019-01-24T11:45:06.46
469,תנועה להתחדשות ממלכתית,10,1981-07-20T00:00:00,,False,,,,2019-01-24T11:45:06.46
471,מערך,10,1981-07-20T00:00:00,,False,,,,2019-01-24T11:45:06.46
473,חזית דמוקרטית לשלום ושוויון,10,1981-07-20T00:00:00,,False,,,,2019-01-24T11:45:06.46
477,"חה""כ עבד-אלוהאב דראושה",11,1988-02-15T00:00:00,,False,,,,2019-01-24T11:45:06.46
479,הליכוד,11,1984-08-13T00:00:00,,False,,,,2019-01-24T11:45:06.46
481,מפלגת פועלים מאוחדת,11,1984-10-22T00:00:00,,False,,,,2019-01-24T11:45:06.46
482,נוי,16,2005-05-23T00:00:00,,False,,,,2019-01-24T11:45:06.46
483,מפלגה דתית לאומית,11,1984-08-13T00:00:00,,False,,,,2019-01-24T11:45:06.46
485,תנועה למסורת ישראל,11,1984-08-13T00:00:00,,False,,,,2019-01-24T11:45:06.46
487,רשימה מתקדמת לשלום,11,1984-08-13T00:00:00,,False,,,,2019-01-24T11:45:06.46
489,אומץ,11,1984-08-13T00:00:00,,False,,,,2019-01-24T11:45:06.46
491,מורשה,11,1984-08-13T00:00:00,,False,,,,2019-01-24T11:45:06.46
493,תחייה,11,1984-08-13T00:00:00,,False,,,,2019-01-24T11:45:06.46
495,"ר""ץ",11,1984-08-13T00:00:00,,False,,,,2019-01-24T11:45:06.46
497,שינוי,11,1984-08-13T00:00:00,,False,,,,2022-01-23T15:10:00
499,כך,11,1984-08-13T00:00:00,,False,,,,2019-01-24T11:45:06.46
501,אגודת ישראל,11,1984-08-13T00:00:00,,False,,,,2019-01-24T11:45:06.46
502,העבודה - מימד - עם אחד,16,2005-05-23T00:00:00,,False,,,,2019-01-24T11:45:06.46
503,"התאחדות הספרדים שומרי תורה - תנועת ש""ס",11,1984-08-13T00:00:00,,False,,,,2019-01-24T11:45:06.46
507,צומת,11,1987-11-30T00:00:00,,False,,,,2019-01-24T11:45:06.46
509,"מד""ע - מפלגה דמוקרטית ערבית",11,1988-03-07T00:00:00,,False,,,,2019-01-24T11:45:06.46
515,מערך,11,1984-08-13T00:00:00,,False,,,,2019-01-24T11:45:06.46
517,חזית דמוקרטית לשלום ושוויון,11,1984-08-13T00:00:00,,False,,,,2019-01-24T11:45:06.46
519,יחד,11,1984-08-13T00:00:00,,False,,,,2019-01-24T11:45:06.46
521,מפלגת העבודה הישראלית,12,1991-10-07T00:00:00,,False,,,,2019-01-24T11:45:06.46
522,מרצ - יחד והבחירה הדמוקרטית,16,2005-07-27T00:00:00,,False,,,,2019-01-24T11:45:06.46
523,הליכוד,12,1988-11-21T00:00:00,,False,,,,2019-01-24T11:45:06.46
525,מפלגת פועלים מאוחדת,12,1988-11-21T00:00:00,,False,,,,2019-01-24T11:45:06.46
527,מפלגה דתית לאומית,12,1988-11-21T00:00:00,,False,,,,2019-01-24T11:45:06.46
529,רשימה מתקדמת לשלום,12,1988-11-21T00:00:00,,False,,,,2019-01-24T11:45:06.46
531,תחייה,12,1988-11-21T00:00:00,,False,,,,2019-01-24T11:45:06.46
533,"ר""ץ",12,1988-11-21T00:00:00,,False,,,,2019-01-24T11:45:06.46
535,שינוי,12,1988-11-21T00:00:00,,False,,,,2022-01-23T15:10:00
537,אגודת ישראל,12,1988-11-21T00:00:00,,False,,,,2019-01-24T11:45:06.46
539,"התאחדות הספרדים שומרי תורה - תנועת ש""ס",12,1988-11-21T00:00:00,,False,,,,2019-01-24T11:45:06.46
542,אחריות לאומית,16,2005-11-23T00:00:00,,False,,,,2019-01-24T11:45:06.46
543,צומת,12,1988-11-21T00:00:00,,False,,,,2019-01-24T11:45:06.46
545,"מד""ע - מפלגה דמוקרטית ערבית",12,1988-11-21T00:00:00,,False,,,,2019-01-24T11:45:06.46
547,דגל התורה,12,1988-11-21T00:00:00,,False,,,,2019-01-24T11:45:06.46
549,מולדת,12,1988-11-21T00:00:00,,False,,,,2019-01-24T11:45:06.46
551,מפלגה ליברלית חדשה,12,1992-03-03T00:00:00,,False,,,,2019-01-24T11:45:06.46
553,מוריה - עם ישראל על פי תורת ישראל,12,1990-12-25T00:00:00,,False,,,,2022-01-23T15:10:00
555,פנתרים שחורים,12,1991-01-01T00:00:00,,False,,,,2019-01-24T11:45:06.46
557,אחדות למען השלום והעלייה,12,1990-12-25T00:00:00,,False,,,,2019-01-24T11:45:06.46
559,גאולת ישראל,12,1990-12-25T00:00:00,,False,,,,2019-01-24T11:45:06.46
561,מרצ,12,1992-03-09T00:00:00,,False,,,,2019-01-24T11:45:06.46
562,קדימה,16,2006-01-17T00:00:00,,False,,,,2019-01-24T11:45:06.46
564,הסיעה החילונית,16,2006-01-26T00:00:00,,False,,,,2019-01-24T11:45:06.46
565,מערך,12,1988-11-21T00:00:00,,False,,,,2019-01-24T11:45:06.46
567,חזית דמוקרטית לשלום ושוויון,12,1988-11-21T00:00:00,,False,,,,2019-01-24T11:45:06.46
571,מפלגת העבודה הישראלית,13,1992-07-13T00:00:00,,False,,,,2019-01-24T11:45:06.46
573,הליכוד,13,1992-07-13T00:00:00,,False,,,,2019-01-24T11:45:06.46
575,מפלגה דתית לאומית,13,1992-07-13T00:00:00,,False,,,,2019-01-24T11:45:06.46
577,"התאחדות הספרדים שומרי תורה - תנועת ש""ס",13,1992-07-13T00:00:00,,False,,,,2019-01-24T11:45:06.46
581,צומת,13,1992-07-13T00:00:00,,False,,,,2019-01-24T11:45:06.46
582,"חה""כ מיכאל נודלמן",16,2006-02-01T00:00:00,,False,,,,2022-01-23T15:10:00
583,"מד""ע - מפלגה דמוקרטית ערבית",13,1992-07-13T00:00:00,,False,,,,2019-01-24T11:45:06.46
584,האיחוד הלאומי - מולדת - תקומה,16,2006-02-01T00:00:00,,False,,,,2019-01-24T11:45:06.46
585,מולדת,13,1992-07-13T00:00:00,,False,,,,2019-01-24T11:45:06.46
586,הבית הלאומי,16,2006-02-05T00:00:00,,False,,,,2019-01-24T11:45:06.46
587,מרצ,13,1992-07-13T00:00:00,,False,,,,2019-01-24T11:45:06.46
588,העולים,16,2006-02-01T00:00:00,,False,,,,2019-01-24T11:45:06.46
589,יהדות התורה,13,1992-07-13T00:00:00,,False,,,,2019-01-24T11:45:06.46
590,ישראל ביתנו,16,2006-02-01T00:00:00,,False,,,,2019-01-24T11:45:06.46
593,יעוד,13,1994-02-07T00:00:00,,False,,,,2019-01-24T11:45:06.46
595,ימין ישראל,13,1995-07-24T00:00:00,,False,,,,2019-01-24T11:45:06.46
597,עתיד,13,1995-11-27T00:00:00,,False,,,,2019-01-24T11:45:06.46
599,הדרך השלישית,13,1996-03-07T00:00:00,,False,,,,2019-01-24T11:45:06.46
601,גשר,13,1996-03-11T00:00:00,,False,,,,2019-01-24T11:45:06.46
602,תנועה ערבית להתחדשות,16,2006-02-07T00:00:00,,False,,,,2019-01-24T11:45:06.46
604,החזית הדמוקרטית לשלום ולשוויון,16,2006-02-07T00:00:00,,False,,,,2022-08-09T13:35:00
609,חזית דמוקרטית לשלום ושוויון,13,1992-07-13T00:00:00,,False,,,,2019-01-24T11:45:06.46
611,מפלגת העבודה הישראלית,14,1996-06-17T00:00:00,,False,,,,2019-01-24T11:45:06.46
613,הליכוד,14,1999-03-04T00:00:00,,False,,,,2019-01-24T11:45:06.46
615,מפלגה דתית לאומית,14,1996-06-17T00:00:00,,False,,,,2019-01-24T11:45:06.46
617,שינוי - מפלגת מרכז,14,1999-01-17T00:00:00,,False,,,,2022-01-16T14:00:00
619,"התאחדות הספרדים שומרי תורה - תנועת ש""ס",14,1996-06-17T00:00:00,,False,,,,2019-01-24T11:45:06.46
621,"חד""ש - בל""ד",14,1996-06-17T00:00:00,,False,,,,2019-01-24T11:45:06.46
622,קדימה-עם אהוד אולמרט לראשות הממשלה,17,2006-04-17T00:00:00,,False,,,,2019-01-24T11:45:06.46
623,צומת,14,1999-03-04T00:00:00,,False,,,,2019-01-24T11:45:06.46
624,העבודה-מימד בראשות עמיר פרץ,17,2006-04-17T00:00:00,,False,,,,2019-01-24T11:45:06.46
625,דגל התורה,14,1999-02-23T00:00:00,,False,,,,2019-01-24T11:45:06.46
626,"אלתג'מוע אלווטני אל דימוקרטי-בל""ד",17,2006-04-17T00:00:00,,False,,,,2019-01-24T11:45:06.46
627,מולדת,14,1996-06-17T00:00:00,,False,,,,2019-01-24T11:45:06.46
628,"ש""ס-התאחדות הספרדים העולמית שומרי תורה",17,2006-04-17T00:00:00,,False,,,,2019-01-24T11:45:06.46
629,מרצ,14,1996-06-17T00:00:00,,False,,,,2019-01-24T11:45:06.46
630,חזית דמוקרטית לשלום ושוויון,17,2006-04-17T00:00:00,,False,,,,2019-01-24T11:45:06.46
631,יהדות התורה,14,1996-06-17T00:00:00,,False,,,,2019-01-24T11:45:06.46
632,יהדות התורה והשבת אגודת ישראל-דגל התורה,17,2006-04-17T00:00:00,,False,,,,2019-01-24T11:45:06.46
633,הדרך השלישית,14,1996-06-17T00:00:00,,False,,,,2019-01-24T11:45:06.46
634,גיל-גימלאי ישראל לכנסת,17,2006-04-17T00:00:00,,False,,,,2019-01-24T11:45:06.46
635,גשר,14,1999-02-23T00:00:00,,False,,,,2019-01-24T11:45:06.46
636,הרשימה הערבית המאוחדת התנועה הערבית להתחדשות,17,2006-04-17T00:00:00,,False,,,,2019-01-24T11:45:06.46
637,ליכוד - גשר - צומת,14,1996-06-17T00:00:00,,False,,,,2019-01-24T11:45:06.46
638,ישראל ביתנו בראשות אביגדור ליברמן,17,2006-04-17T00:00:00,,False,,,,2019-01-24T11:45:06.46
639,ישראל בעלייה,14,1996-06-17T00:00:00,,False,,,,2022-08-09T13:35:00
640,מרצ-ישראל חברתית דמוקרטית,17,2006-04-17T00:00:00,,False,,,,2019-01-24T11:45:06.46
641,"מד""ע - רע""ם",14,1996-06-17T00:00:00,,False,,,,2019-01-24T11:45:06.46
642,"איחוד לאומי-מפד""ל רשימה יהודית לאומית מאוחדת",17,2006-04-17T00:00:00,,False,,,,2019-01-24T11:45:06.46
643,חזית דמוקרטית לשלום ושוויון,14,1999-03-08T00:00:00,,False,,,,2019-01-24T11:45:06.46
645,ליכוד - צומת,14,1999-02-23T00:00:00,,False,,,,2019-01-24T11:45:06.46
647,חרות - התנועה הלאומית,14,1999-02-23T00:00:00,,False,,,,2019-01-24T11:45:06.46
649,ישראל במרכז,14,1999-02-23T00:00:00,,False,,,,2019-01-24T11:45:06.46
651,"עלי""ה - עמנו למען ישראל המתחדשת",14,1999-02-23T00:00:00,,False,,,,2019-01-24T11:45:06.46
653,מכורה,14,1999-03-04T00:00:00,,False,,,,2019-01-24T11:45:06.46
655,אמונים,14,1999-03-04T00:00:00,,False,,,,2019-01-24T11:45:06.46
657,ברית לאומית דמוקרטית,14,1999-03-08T00:00:00,,False,,,,2019-01-24T11:45:06.46
661,תקומה,14,1999-03-17T00:00:00,,False,,,,2022-01-16T14:00:00
663,הצעירים,14,1999-03-22T00:00:00,,False,,,,2019-01-24T11:45:06.46
665,עם אחד,14,1999-03-25T00:00:00,,False,,,,2019-01-24T11:45:06.46
667,שינוי,14,1999-03-29T00:00:00,,False,,,,2022-01-16T14:00:00
679,האיחוד הלאומי,15,1999-06-07T00:00:00,,False,,,,2019-01-24T11:45:06.46
681,ישראל ביתנו,15,1999-06-07T00:00:00,,False,,,,2019-01-24T11:45:06.46
683,מחר - מפלגת חברה ורפורמות,15,1999-07-26T00:00:00,,False,,,,2019-01-24T11:45:06.46
685,לב,15,2002-11-06T00:00:00,,False,,,,2019-01-24T11:45:06.46
687,אחדות לאומית - הברית הלאומית המתקדמת,15,2002-12-10T00:00:00,,False,,,,2019-01-24T11:45:06.46
688,"בנא""י",9,1979-07-17T00:00:00,,False,,,,2022-01-16T14:00:00
689,"תחייה - בנא""י",9,1979-11-20T00:00:00,,False,,,,2022-01-16T14:00:00
690,הליכוד עם בנימין נתניהו לראשות הממשלה,17,2006-04-17T00:00:00,,False,,,,2019-01-24T11:45:06.46
691,השומר הצעיר,0,1948-02-14T00:00:00,,False,,,,2019-01-24T11:45:06.46
692,התנועה הרווזיוניסטית,0,1948-02-14T00:00:00,,False,,,,2019-01-24T11:45:06.46
693,החזית הדתית המאוחדת,0,1948-02-14T00:00:00,,False,,,,2019-01-24T11:45:06.46
694,התאחדות התימנים,0,1948-02-14T00:00:00,,False,,,,2019-01-24T11:45:06.46
702,צדק לזקן,17,2008-06-02T00:00:00,,False,,,,2019-01-24T11:45:06.46
722,הדרך הטובה,17,2008-10-27T00:00:00,,False,,,,2019-01-24T11:45:06.46
742,איחוד לאומי,18,2009-02-24T00:00:00,,False,,,,2019-01-24T11:45:06.46
743,"הבית היהודי - מפד""ל החדשה",18,2009-02-24T00:00:00,,False,,,,2019-01-24T11:45:06.46
744,"אלתג'מוע אלווטני אלדמוקרטי - בל""ד",18,2009-02-24T00:00:00,,False,,,,2019-01-24T11:45:06.46
745,חזית דמוקרטית לשלום ושוויון,18,2009-02-24T00:00:00,,False,,,,2019-01-24T11:45:06.46
746,יהדות התורה והשבת אגודת ישראל - דגל התורה,18,2009-02-24T00:00:00,,False,,,,2019-01-24T11:45:06.46
747,ישראל ביתנו בראשות אביגדור ליברמן,18,2009-02-24T00:00:00,,False,,,,2019-01-24T11:45:06.46
748,"הליכוד - אח""י בהנהגת בנימין נתניהו לראשות הממשלה",18,2009-02-24T00:00:00,,False,,,,2019-01-24T11:45:06.46
749,התנועה החדשה מרצ,18,2009-02-24T00:00:00,,False,,,,2019-01-24T11:45:06.46
750,העבודה,18,2011-01-17T00:00:00,,False,,,,2022-01-23T15:10:00
751,קדימה - עם ציפי לבני לראשות הממשלה,18,2009-02-24T00:00:00,,False,,,,2019-01-24T11:45:06.46
752,הרשימה הערבית המאוחדת - התנועה הערבית להתחדשות,18,2009-02-24T00:00:00,,False,,,,2019-01-24T11:45:06.46
753,התאחדות הספרדים העולמית שומרי תורה,18,2009-02-24T00:00:00,,False,,,,2019-01-24T11:45:06.46
762,העצמאות,18,2011-01-17T00:00:00,,False,,,,2019-01-24T11:45:06.46
802,"בל""ד - אלתג'מוע אלווטני אלדמוקרטי",19,2013-02-05T00:00:00,,False,,,,2019-01-24T11:45:06.46
803,"הבית היהודי מייסודם של האיחוד הלאומי והמפד""ל החדשה",19,2013-02-05T00:00:00,,False,,,,2019-01-24T11:45:06.46
804,הליכוד - ישראל ביתנו ,19,2013-02-05T00:00:00,,False,,,,2019-01-24T11:45:06.46
805,העבודה בראשות שלי יחימוביץ',19,2013-02-05T00:00:00,,False,,,,2019-01-24T11:45:06.46
806,"חד""ש - החזית הדמוקרטית לשלום ושוויון",19,2013-02-05T00:00:00,,False,,,,2022-01-23T15:10:00
807,"יהדות התורה והשבת, אגודת ישראל - דגל התורה",19,2013-02-05T00:00:00,,False,,,,2019-01-24T11:45:06.46
808,מרצ - השמאל של ישראל,19,2013-02-05T00:00:00,,False,,,,2019-01-24T11:45:06.46
809,קדימה בראשות שאול מופז,19,2013-02-05T00:00:00,,False,,,,2019-01-24T11:45:06.46
810,"רע""מ-תע""ל-מד""ע",19,2013-02-05T00:00:00,,False,,,,2019-01-24T11:45:06.46
811,שס התאחדות הספרדים העולמית שומרי תורה,19,2013-02-05T00:00:00,,False,,,,2019-01-24T11:45:06.46
812,יש עתיד בראשות יאיר לפיד,19,2013-02-05T00:00:00,,False,,,,2019-01-24T11:45:06.46
813,התנועה בראשות ציפי לבני,19,2013-02-05T00:00:00,,False,,,,2019-01-24T11:45:06.46
842,הליכוד - תנועה לאומית ליברלית,19,2014-07-09T00:00:00,,False,,,,2019-01-24T11:45:06.46
843,ישראל ביתנו,19,2014-07-09T00:00:00,,False,,,,2019-01-24T11:45:06.46
882,הליכוד,20,2015-03-31T00:00:00,,False,,,,2019-04-28T19:41:14.89
902,המחנה הציוני,20,2015-03-31T00:00:00,,False,,,,2019-04-28T19:41:14.89
903,"הרשימה המשותפת (חד""ש, רע""ם, בל""ד ותע""ל)",20,2015-03-31T00:00:00,,False,,,,2019-04-28T19:41:14.89
904,יש עתיד,20,2015-03-31T00:00:00,,False,,,,2019-04-28T19:41:14.89
905,ישראל ביתנו,20,2015-03-31T00:00:00,,False,,,,2019-04-28T19:41:14.89
906,כולנו בראשות משה כחלון,20,2015-03-31T00:00:00,,False,,,,2019-04-28T19:41:14.89
907,הבית היהודי בראשות נפתלי בנט,20,2015-03-31T00:00:00,,False,,,,2019-04-28T19:41:14.89
908,יהדות התורה,20,2015-03-31T00:00:00,,False,,,,2019-04-28T19:41:14.89
909,מרצ,20,2015-03-31T00:00:00,,False,,,,2019-04-28T19:41:14.89
910,"ש""ס",20,2015-03-31T00:00:00,,False,,,,2022-01-23T15:10:00
911,אין נתונים,1,1900-01-01T00:00:00,,True,,,,2019-01-24T11:45:06.46
913,"חה""כ אורלי לוי-אבקסיס",20,2017-03-15T00:00:00,,False,,,,2019-04-28T19:41:14.89
914,העבודה הישראלית,20,2019-01-01T00:00:00,,False,,,,2019-04-28T19:41:14.89
915,התנועה,20,2019-01-01T00:00:00,,False,,,,2019-04-28T19:41:14.89
916,הימין החדש,20,2018-12-30T00:00:00,,False,,,,2019-04-28T19:41:14.89
917,כחול לבן,21,2019-04-30T00:00:00,,False,,,,2019-09-24T17:39:48.09
918,"ש""ס",21,2019-04-30T00:00:00,,False,,,,2019-09-24T17:39:48.09
922,"רע""ם - בל""ד - הרשימה הערבית המאוחדת ברית לאומית דמוקרטית",21,2019-04-30T00:00:00,,False,,,,2019-09-24T17:39:48.09
923,הבית היהודי - האיחוד הלאומי,21,2019-04-30T00:00:00,,False,,,,2019-09-24T17:39:48.09
924,"חד""ש תע""ל בראשות איימן עודה ואחמד טיבי",21,2019-04-30T00:00:00,,False,,,,2019-09-24T17:39:48.09
925,סיעת העבודה,21,2019-04-30T00:00:00,,False,,,,2019-09-24T17:39:48.09
926,מרצ,21,2019-04-30T00:00:00,,False,,,,2019-09-24T17:39:48.09
928,יהדות התורה,21,2019-04-30T00:00:00,,False,,,,2019-09-24T17:39:48.09
929,ישראל ביתנו בראשות אביגדור ליברמן,21,2019-04-30T00:00:00,,False,,,,2019-09-24T17:39:48.09
930,כולנו בראשות משה כחלון,21,2019-04-30T00:00:00,,False,,,,2019-09-24T17:39:48.09
931,הליכוד בהנהגת בנימין נתניהו לראשות הממשלה,21,2019-04-30T00:00:00,,False,,,,2019-09-24T17:39:48.09
932,"ש""ס",22,2019-10-03T00:00:00,,False,,,,2020-03-12T12:34:51.35
933,הליכוד בהנהגת בנימין נתניהו לראשות הממשלה,22,2019-10-03T00:00:00,,False,,,,2020-03-12T12:34:51.35
934,העבודה - גשר,22,2019-10-03T00:00:00,,False,,,,2020-03-12T12:34:51.35
935,הבית היהודי - האיחוד הלאומי,22,2019-10-10T00:00:00,,False,,,,2020-03-12T12:34:51.35
936,יהדות התורה והשבת אגודת ישראל - דגל התורה,22,2019-10-03T00:00:00,,False,,,,2020-03-12T12:34:51.35
937,ישראל ביתנו בראשות אביגדור ליברמן,22,2019-10-03T00:00:00,,False,,,,2020-03-12T12:34:51.35
938,כחול לבן,22,2019-10-03T00:00:00,,False,,,,2020-03-12T12:34:51.35
939,המחנה הדמוקרטי,22,2019-10-03T00:00:00,,False,,,,2020-03-12T12:34:51.35
940,"הרשימה המשותפת חד""ש, רע""ם, תע""ל, בל""ד",22,2019-10-03T00:00:00,,False,,,,2020-03-12T12:34:51.35
941,הימין החדש,22,2019-10-10T00:00:00,,False,,,,2020-03-12T12:34:51.35
942,הליכוד,23,2020-03-16T00:00:00,,False,,,,2021-04-03T23:32:21.49
943,"הרשימה המשותפת חד""ש, רע""מ, תע""ל, בל""ד",23,2020-03-16T00:00:00,,False,,,,2021-04-03T23:32:21.49
944,יהדות התורה והשבת אגודת ישראל - דגל התורה,23,2020-03-16T00:00:00,,False,,,,2021-04-03T23:32:21.49
945,ישראל ביתנו בראשות אביגדור ליברמן,23,2020-03-16T00:00:00,,False,,,,2021-04-03T23:32:21.49
946,כחול לבן,23,2020-03-29T00:00:00,,False,,,,2021-04-03T23:32:21.49
947,"ש""ס",23,2020-03-16T00:00:00,,False,,,,2021-04-03T23:32:21.49
948,ימינה,23,2020-03-16T00:00:00,,False,,,,2021-04-03T23:32:21.49
949,העבודה - גשר - מרצ,23,2020-03-16T00:00:00,,False,,,,2020-05-25T13:08:56.863
950,יש עתיד,23,2020-03-29T00:00:00,,False,,,,2020-04-01T15:12:06.71
951,"תל""ם - תנועה לאומית ממלכתית",23,2020-03-29T00:00:00,,False,,,,2020-04-01T15:12:23.83
952,"חה""כ ע'דיר כמאל מריח",23,2020-03-29T00:00:00,,False,,,,2020-03-31T14:52:05.47
953,"חה""כ פנינה תמנו",23,2020-03-29T00:00:00,,False,,,,2020-03-31T14:52:16.317
954,דרך ארץ,23,2020-03-29T00:00:00,,False,,,,2021-04-03T23:32:21.49
955,"יש עתיד - תל""ם",23,2020-03-29T00:00:00,,False,,,,2021-04-03T23:32:21.49
956,העבודה - מרצ,23,2020-03-23T00:00:00,,False,,,,2020-05-25T13:08:14.237
957,גשר,23,2020-03-23T00:00:00,,False,,,,2021-04-03T23:32:21.49
958,העבודה הישראלית,23,2020-04-06T00:00:00,,False,,,,2021-04-03T23:32:21.49
959,מרצ,23,2020-04-06T00:00:00,,False,,,,2021-04-03T23:32:21.49
960,הבית היהודי,23,2020-07-14T00:00:00,,False,,,,2021-04-03T23:32:21.49
961,הציונות הדתית,24,2021-04-06T00:00:00,,False,,,,2022-11-10T11:11:27.87
962,הליכוד בהנהגת בנימין נתניהו לראשות הממשלה,24,2021-04-06T00:00:00,,False,,,,2022-11-10T11:11:27.87
963,העבודה,24,2021-04-06T00:00:00,,False,,,,2022-11-10T11:11:27.87
964,"הרשימה המשותפת (חד""ש, תע""ל, בל""ד)",24,2021-04-06T00:00:00,,False,,,,2022-09-11T13:53:30.973
965,יהדות התורה והשבת - אגודת ישראל דגל התורה,24,2021-04-06T00:00:00,,False,,,,2022-09-11T12:12:31.823
966,ימינה בראשות נפתלי בנט,24,2021-04-06T00:00:00,,False,,,,2022-09-15T11:57:07.91
967,יש עתיד,24,2021-04-06T00:00:00,,False,,,,2022-11-10T11:11:27.87
968,ישראל ביתנו,24,2021-04-06T00:00:00,,False,,,,2022-11-10T11:11:27.87
969,כחול לבן,24,2021-04-06T00:00:00,,False,,,,2022-11-10T11:11:27.87
970,מרצ,24,2021-04-06T00:00:00,,False,,,,2022-11-10T11:11:27.87
971,"ש""ס",24,2021-04-06T00:00:00,,False,,,,2022-11-10T11:11:27.87
972,תקווה חדשה,24,2021-04-06T00:00:00,,False,,,,2022-09-11T12:12:59.157
973,הרשימה הערבית המאוחדת,24,2021-04-06T00:00:00,,False,,,,2022-11-10T11:11:27.87
974,עתיד אחד,24,2021-06-27T00:00:00,,False,,,,2021-10-13T22:02:16.88
977,הקומוניסטים העברים,1,1949-06-08T00:00:00,,False,,,,2022-01-23T15:10:00
978,סיעה בלתי תלויה באחדות העבודה,2,1953-01-20T00:00:00,,False,,,,2021-12-21T21:51:10.63
979,סיעת השמאל,2,1952-02-20T00:00:00,,False,,,,2022-01-23T15:10:00
980,אגודת ישראל - פועלי אגודת ישראל,3,1955-11-03T00:00:00,,False,,,,2021-12-21T21:51:24.79
981,מפלגה דתית לאומית,3,1957-01-22T00:00:00,,False,,,,2021-12-21T21:51:52.057
982,הפועל המזרחי - המזרחי,3,1955-10-31T00:00:00,,False,,,,2022-01-23T15:10:00
983,"חה""כ יונה כסה",5,1964-12-22T00:00:00,,False,,,,2022-01-23T15:10:00
984,"חה""כ דוד בן גוריון",6,1968-01-23T00:00:00,,False,,,,2022-01-23T15:10:00
985,מערך,6,1965-11-22T00:00:00,,False,,,,2021-12-21T21:52:23.613
986,מפלגת העבודה הישראלית,6,1968-01-23T00:00:00,,False,,,,2021-12-21T21:52:30.18
987,הסיעה הדרוזית הישראלית,6,1967-04-11T00:00:00,,False,,,,2022-01-23T15:10:00
988,קידמה ופיתוח,6,1967-01-01T00:00:00,,False,,,,2021-12-21T21:53:09.617
989,שיתוף ואחווה,6,1967-01-01T00:00:00,,False,,,,2021-12-21T21:53:18.873
990,שיתוף ופיתוח,6,1966-07-05T00:00:00,,False,,,,2021-12-21T21:53:26.957
991,"חה""כ אבנר-חי שאקי",7,1973-05-22T00:00:00,,False,,,,2022-01-23T15:10:00
992,"חה""כ מאיר אביזוהר",7,1972-04-25T00:00:00,,False,,,,2022-01-23T15:10:00
993,"חה""כ שלום כהן",7,1972-01-04T00:00:00,,False,,,,2022-01-23T15:10:00
994,מחנה רדיקלי ישראלי,7,1973-07-03T00:00:00,,False,,,,2021-12-21T21:55:59.38
995,"חה""כ אריה לובה אליאב",8,1975-04-29T00:00:00,,False,,,,2021-12-21T21:56:06.113
996,"חה""כ בנימין הלוי",8,1975-03-18T00:00:00,,False,,,,2021-12-21T21:56:14.337
997,"חה""כ מרדכי בן-פורת",8,1977-03-15T00:00:00,,False,,,,2022-01-23T15:10:00
998,יעד - תנועה לזכויות האזרח,8,1975-06-03T00:00:00,,False,,,,2022-01-23T15:10:00
999,מפלגת פועלים מאוחדת,8,1977-04-10T00:00:00,,False,,,,2021-12-21T21:57:42.237
1000,מרכז חופשי,8,1976-10-26T00:00:00,,False,,,,2021-12-21T21:57:52.567
1001,סיעה סוציאל-דמוקרטית,8,1976-01-27T00:00:00,,False,,,,2021-12-21T21:58:39.587
1002,סיעה סוציאליסטית עצמאית,8,1976-02-03T00:00:00,,False,,,,2021-12-21T21:58:47.293
1003,קידמה ופיתוח,8,1976-06-08T00:00:00,,False,,,,2021-12-21T21:58:52.917
1004,"ר""ץ",8,1976-01-27T00:00:00,,False,,,,2021-12-21T21:58:59.093
1005,הסיעה לבדואים וכפריים,8,1977-01-04T00:00:00,,False,,,,2022-01-23T15:10:00
1006,"חה""כ בנימין הלוי",9,1981-03-10T00:00:00,,False,,,,2022-01-23T15:10:00
1007,"חה""כ יגאל ידין",9,1981-03-10T00:00:00,,False,,,,2022-01-23T15:10:00
1008,"חה""כ יוסף תמיר",9,1981-05-11T00:00:00,,False,,,,2022-01-23T15:10:00
1009,"חה""כ יצחק יצחקי",9,1980-10-14T00:00:00,,False,,,,2022-01-23T15:10:00
1010,"חה""כ מרדכי אלגרבלי",9,1980-02-05T00:00:00,,False,,,,2022-01-23T15:10:00
1011,"חה""כ משה דיין",9,1977-07-05T00:00:00,,False,,,,2022-01-23T15:10:00
1012,"חה""כ משה שמיר",9,1979-05-15T00:00:00,,False,,,,2022-01-23T15:10:00
1013,"חה""כ שמואל תמיר",9,1981-03-17T00:00:00,,False,,,,2022-01-16T14:00:00
1014,מפלגת האיחוד לקידום ולחינוך החברה בישראל,9,1981-05-19T00:00:00,,False,,,,2022-01-23T15:10:00
1015,פיתוח ושלום,9,1978-02-28T00:00:00,,False,,,,2021-12-21T22:00:30.167
1016,רשימה ממלכתית,9,1981-05-19T00:00:00,,False,,,,2021-12-21T22:00:37.467
1017,"רפ""י - הרשימה הממלכתית",9,1981-01-26T00:00:00,,False,,,,2022-01-23T15:10:00
1018,שוויון בישראל-פנתרים,9,1980-12-30T00:00:00,,False,,,,2021-12-21T22:00:48.597
1019,גשר - מרכז ציוני דתי,10,1984-05-29T00:00:00,,False,,,,2021-12-21T22:00:53.847
1020,"חה""כ חיים דרוקמן",10,1983-10-10T00:00:00,,False,,,,2022-01-23T15:10:00
1021,"ר""ץ",10,1984-05-14T00:00:00,,False,,,,2021-12-21T22:01:18.79
1022,"רפ""י - הרשימה הממלכתית",10,1983-06-06T00:00:00,,False,,,,2022-01-23T15:10:00
1023,התנועה להתחדשות ציונית חברתית,10,1983-06-06T00:00:00,,False,,,,2022-01-23T15:10:00
1024,"חה""כ רפאל איתן",11,1987-11-16T00:00:00,,False,,,,2022-01-23T15:10:00
1025,"חה""כ שמעון בן-שלמה",11,1988-09-27T00:00:00,,False,,,,2022-01-23T15:10:00
1026,מפלגה לקידום הרעיון הציוני,12,1990-03-15T00:00:00,,False,,,,2021-12-21T22:01:48.053
1027,"חה""כ צ'רלי ביטון",12,1990-12-25T00:00:00,,False,,,,2021-12-21T22:01:53.68
1028,אגודת ישראל,13,1996-04-08T00:00:00,,False,,,,2021-12-21T22:01:59.187
1029,דגל התורה,13,1996-04-08T00:00:00,,False,,,,2021-12-21T22:02:05.167
1030,"חה""כ אפרים גור",13,1996-03-07T00:00:00,,False,,,,2022-01-23T15:10:00
1031,"חה""כ יוסף בא-גד",13,1996-03-12T00:00:00,,False,,,,2022-01-23T15:10:00
1032,"חה""כ יוסף עזרן",13,1996-02-28T00:00:00,,False,,,,2022-01-23T15:10:00
1033,"חה""כ נאוה ארד",13,1996-03-07T00:00:00,,False,,,,2022-01-23T15:10:00
1034,אגודת ישראל,14,1999-02-23T00:00:00,,False,,,,2021-12-21T22:02:44.357
1035,"חה""כ דוד צוקר",14,1999-03-17T00:00:00,,False,,,,2022-01-23T15:10:00
1036,"חה""כ עמנואל זיסמן",14,1999-03-29T00:00:00,,False,,,,2022-01-23T15:10:00
1037,סיעה של ברונפמן וצינקר (סיעה ללא שם),15,1999-07-20T00:00:00,,False,,,,2021-12-21T22:03:00.817
1038,שינוי מפלגת החילונים ומעמד הביניים,16,2005-05-18T00:00:00,,False,,,,2022-01-16T14:00:00
1039,אגודת ישראל,17,2008-12-18T00:00:00,,False,,,,2021-12-21T22:03:13.207
1040,"אח""י - ארץ, חברה, יהדות",17,2008-12-23T00:00:00,,False,,,,2021-12-21T22:03:25.493
1041,דגל התורה,17,2008-12-18T00:00:00,,False,,,,2021-12-21T22:03:31.603
1042,"הבית היהודי מיסודם של המפד""ל",17,2008-12-23T00:00:00,,False,,,,2021-12-21T22:03:36.697
1043,"הבית היהודי מיסודם של המפד""ל והאיחוד הלאומי",17,2008-12-03T00:00:00,,False,,,,2021-12-21T22:03:42.947
1044,העבודה בראשות אהוד ברק,17,2008-12-18T00:00:00,,False,,,,2021-12-21T22:04:30.413
1045,מולדת האיחוד הלאומי,17,2008-12-23T00:00:00,,False,,,,2022-01-23T15:10:00
1046,מימד,17,2008-12-18T00:00:00,,False,,,,2021-12-21T22:04:42.07
1047,העבודה בראשות אהוד ברק,18,2009-02-24T00:00:00,,False,,,,2021-12-21T22:04:47.46
1048,התנועה בראשות ציפי לבני,18,2012-12-03T00:00:00,,False,,,,2021-12-21T22:04:53.557
1049,"חה""כ חיים אמסלם",18,2012-12-03T00:00:00,,False,,,,2022-01-23T15:10:00
1050,"מד""ע - מפלגה דמוקרטית ערבית",18,2012-12-03T00:00:00,,False,,,,2021-12-21T22:05:09.81
1051,עוצמה לישראל,18,2012-11-19T00:00:00,,False,,,,2021-12-21T22:05:17.527
1052,"רע""מ-תע""ל",19,2014-12-08T00:00:00,,False,,,,2021-12-21T22:05:23.513
1053,"רע""מ - רשימת האיחוד הערבי",19,2015-01-22T00:00:00,,False,,,,2022-01-23T15:10:00
1054,"תע""ל - התנועה הערבית להתחדשות",19,2015-01-22T00:00:00,,False,,,,2022-01-23T15:10:00
1055,דגל התורה,20,2019-01-09T00:00:00,,False,,,,2021-12-21T22:05:40.153
1056,אגודת ישראל,20,2019-01-09T00:00:00,,False,,,,2021-12-21T22:05:45.84
1057,"תע""ל – בראשות אחמד טיבי",20,2019-01-09T00:00:00,,False,,,,2021-12-21T22:06:04.357
1058,"אח""י - ארץ, חברה, יהדות",21,2019-06-02T00:00:00,,False,,,,2021-12-21T22:06:10.263
1059,"רע""ם – רשימת האיחוד הערבי",21,2019-06-02T00:00:00,,False,,,,2021-12-21T22:06:15.423
1060,"בל""ד – ברית לאומית דמוקרטית",21,2019-06-02T00:00:00,,False,,,,2021-12-21T22:06:24.017
1061,"חד""ש",21,2019-07-10T00:00:00,,False,,,,2021-12-21T22:06:29.327
1062,"תע""ל",21,2019-07-10T00:00:00,,False,,,,2021-12-21T22:06:34.273
1063,אגודת ישראל,21,2019-07-10T00:00:00,,False,,,,2021-12-21T22:06:39.477
1064,דגל התורה,21,2019-07-10T00:00:00,,False,,,,2021-12-21T22:06:45.243
1065,אגודת ישראל,22,2019-12-30T00:00:00,,False,,,,2021-12-21T22:06:50.417
1066,דגל התורה,22,2019-12-30T00:00:00,,False,,,,2021-12-21T22:06:55.61
1067,"חד""ש - חזית דמוקרטית לשלום ושוויון",22,2019-12-30T00:00:00,,False,,,,2021-12-21T22:07:01.61
1068,"בל""ד - ברית לאומית דמוקרטית",22,2019-12-30T00:00:00,,False,,,,2021-12-21T22:07:06.47
1069,"רע""מ - רשימת האיחוד הערבי",22,2019-12-30T00:00:00,,False,,,,2021-12-21T22:07:16.91
1070,"תע""ל - התנועה הערבית לשינוי",22,2019-12-30T00:00:00,,False,,,,2021-12-21T22:07:22.1
1071,אגודת ישראל,23,2020-12-28T00:00:00,,False,,,,2021-12-21T22:07:27.16
1072,דגל התורה,23,2020-12-28T00:00:00,,False,,,,2021-12-21T22:07:33.463
1073,האיחוד הלאומי,23,2021-01-20T00:00:00,,False,,,,2021-12-21T22:07:42.073
1074,הרשימה המשותפת,23,2021-01-28T00:00:00,,False,,,,2021-12-21T22:07:47.54
1075,"רע""מ – רשימת האיחוד הערבי",23,2021-01-28T00:00:00,,False,,,,2021-12-21T22:07:53.933
1076,"תע""ל – התנועה הערבית להתחדשות",23,2021-01-28T00:00:00,,False,,,,2021-12-21T22:08:28.873
1077,ימינה בראשות איילת שקד הבית היהודי – האיחוד הלאומי – הימין החדש,22,2019-10-03T00:00:00,,False,,,,2021-12-29T16:16:09.233
1078,שינוי,16,2006-01-26T00:00:00,,False,,,,2022-01-16T14:00:00
1079,כחול לבן בראשות בנימין גנץ,23,2020-03-16T00:00:00,,False,,,,2022-02-28T13:38:35.957
1080,"ח""כ יחיד - עמיחי שיקלי",24,2022-04-25T00:00:00,,False,,,,2022-07-14T14:17:31.71
1081,עוצמה יהודית,24,2022-07-03T00:00:00,,False,,,,2022-11-10T11:11:27.87
1082,דגל התורה,24,2022-08-15T00:00:00,,False,,,,2022-11-10T11:11:27.87
1083,אגודת ישראל,24,2022-08-15T00:00:00,,False,,,,2022-11-10T11:11:27.87
1084,"נעם - בראשות חה""כ אבי מעוז",24,2022-08-15T00:00:00,,False,,,,2022-11-10T11:11:27.87
1085,המחנה הממלכתי,24,2022-08-15T00:00:00,,False,,,,2022-11-10T11:11:27.87
1086,ביחד,24,2022-08-15T00:00:00,,False,,,,2022-09-06T17:48:00.347
1087,דרך ארץ,24,2022-08-15T00:00:00,,False,,,,2022-11-10T11:11:27.87
1088,תקווה חדשה - אחדות לישראל,24,2022-08-15T00:00:00,,False,,,,2022-11-10T11:11:27.87
1089,"הרשימה המשותפת (חד""ש, בל""ד)",24,2022-09-06T00:00:00,,False,,,,2022-11-10T11:11:27.87
1090,"התנועה הערבית להתחדשות (תע""ל)",24,2022-09-06T00:00:00,,False,,,,2022-11-10T11:11:27.87
1091,ימינה,24,2022-08-15T00:00:00,,False,,,,2022-11-10T11:11:27.87
1092,חופש כלכלי,24,2022-09-15T00:00:00,,False,,,,2022-11-10T11:11:27.87
1095,"סיעת התאחדות הספרדים שומרי תורה תנועתו של מרן הרב עובדיה יוסף זצ""ל",25,2022-11-15T00:00:00,,True,,,,2024-01-08T12:28:35.797
1096,סיעת הליכוד ,25,2022-11-15T00:00:00,,True,,,,2023-11-15T16:14:45.61
1097,סיעת הציונות הדתית (נסגרה),25,2022-11-15T00:00:00,,False,,,,2022-11-27T13:50:32.94
1098,סיעת המחנה הממלכתי ,25,2022-11-15T00:00:00,,True,,,,2024-01-08T12:27:40.33
1099,"סיעת רע""ם",25,2022-11-15T00:00:00,,True,,,,2024-01-08T12:28:42.617
1100,סיעת העבודה,25,2022-11-15T00:00:00,,True,,,,2024-01-08T12:27:47.033
1101,סיעת יהדות התורה,25,2022-11-15T00:00:00,,True,,,,2024-01-08T12:29:55.413
1102,סיעת יש עתיד,25,2022-11-15T00:00:00,,True,,,,2024-01-08T12:29:14.387
1103,"סיעת חד""ש-תע""ל",25,2022-11-15T00:00:00,,True,,,,2024-01-08T12:29:36.497
1104,סיעת ישראל ביתנו,25,2022-11-15T00:00:00,,True,,,,2024-01-08T12:29:21.927
1105,סיעת הציונות הדתית בראשות בצלאל סמוטריץ',25,2022-11-20T00:00:00,,True,,,,2024-01-08T12:27:54.32
1106,סיעת עוצמה יהודית בראשות איתמר בן גביר,25,2022-11-20T00:00:00,,True,,,,2024-01-08T12:28:50.967
1107,סיעת נעם - בראשות אבי מעוז,25,2022-11-20T00:00:00,,True,,,,2024-01-08T12:28:59.497
1108,סיעת הימין הממלכתי,25,2024-03-13T00:00:00,,True,,,,2024-05-21T13:18:52.677
