PersonID,LastName,FirstName,GenderID,GenderDesc,Email,IsCurrent,LastUpdatedDate
48,מלר-הורוביץ,ירדנה,250,נקבה,,False,2015-11-16T09:33:02.47
122,פורדס,גיורא,251,זכר,,False,2020-03-23T23:33:55.387
128,לב,דוד,251,זכר,,False,2020-03-23T23:40:56.46
134,ימין,אלינור,250,נקבה,אלינור ימין,True,2020-11-19T13:43:11.277
136,קפלן,רות,250,נקבה,,False,2020-03-23T23:40:27.3
150,"שד""ר",יצחק,251,זכר,,False,2020-03-23T23:39:50.647
230,אפיק,שגית,250,נקבה,shlomite@knesset.gov.il,True,2022-01-03T18:56:28.663
326,גריף,יוסי,251,זכר,,False,2021-11-30T13:25:49.02
354,אלשטיין,נורית,250,נקבה,,False,2020-03-23T23:33:15.873
365,בדר,נאזם,251,זכר,,False,2020-03-23T23:41:29.08
405,אלון,בנימין,251,זכר,,False,2015-03-20T12:03:08
412,הנדל,צבי,251,זכר,,False,2015-03-20T12:03:08
417,זאבי,רחבעם,251,זכר,,False,2015-03-20T12:03:08
421,כהן,אליעזר,251,זכר,,False,2015-03-20T12:03:08
427,ליברמן,אביגדור,251,זכר,aliberman@knesset.gov.il,True,2022-11-10T11:19:09.323
430,שטרן,יורי,251,זכר,,False,2018-03-11T12:20:46.95
431,אביטל,קולט,250,נקבה,,False,2015-03-20T12:03:08
432,אושעיה,אפי,251,זכר,,False,2019-03-11T10:30:57.407
433,איציק,דליה,250,נקבה,,False,2015-03-20T12:03:08
434,בורג,אברהם,251,זכר,,False,2015-03-20T12:03:08
435,בן-אליעזר,בנימין,251,זכר,,False,2015-03-20T12:03:08
437,בן-מנחם,אלי,251,זכר,,False,2015-03-20T12:03:08
439,בן-עמי,שלמה,251,זכר,,False,2015-03-20T12:03:08
441,דיין,יעל,250,נקבה,,False,2015-03-20T12:03:08
442,טריף,סאלח,251,זכר,,False,2015-03-20T12:03:08
444,יחזקאל,אברהם,251,זכר,,False,2015-03-20T12:03:08
445,כבל,איתן,251,זכר,,False,2019-05-14T11:05:55.57
446,כהן,רענן,251,זכר,,False,2015-03-20T12:03:08
447,כץ,יוסי,251,זכר,,False,2015-03-20T12:03:08
448,לנדבר,סופה,250,נקבה,,False,2019-05-14T10:58:58.547
449,מלכיאור,מיכאל,251,זכר,,False,2015-03-20T12:03:08
453,מסאלחה,נואף,251,זכר,,False,2015-03-20T12:03:08
454,סנה,אפרים,251,זכר,,False,2015-03-20T12:03:08
455,פינס-פז,אופיר,251,זכר,,False,2015-03-20T12:03:08
456,פרס,שמעון,251,זכר,,False,2015-03-20T12:03:08
458,רמון,חיים,251,זכר,,False,2015-03-20T12:03:08
459,שוחט,אברהם-בייגה,251,זכר,,False,2015-03-20T12:03:08
460,שירי,ויצמן,251,זכר,,False,2015-03-20T12:03:08
461,שמחון,שלום,251,זכר,,False,2015-03-20T12:03:08
462,איתן,מיכאל,251,זכר,,False,2015-05-27T13:22:59.987
463,ארנס,משה,251,זכר,,False,2015-03-20T12:03:08
464,בוים,זאב,251,זכר,,False,2015-03-20T12:03:08
465,בלומנטל,נעמי,250,נקבה,,False,2015-03-20T12:03:08
466,הירשזון,אברהם,251,זכר,,False,2015-03-20T12:03:08
467,הנגבי,צחי,251,זכר,,False,2021-04-04T00:24:59.473
468,כץ,ישראל,251,זכר,yiskatz@knesset.gov.il,True,2022-11-10T11:19:09.527
469,לבני,ציפי,250,נקבה,,False,2019-05-14T10:57:32.847
470,לבנת,לימור,250,נקבה,,False,2015-05-27T13:22:28.4
471,לנדאו,עוזי,251,זכר,,False,2015-05-27T13:24:10.79
472,מצא,יהושע,251,זכר,,False,2015-03-20T12:03:08
473,נוה,דני,251,זכר,,False,2015-03-20T12:03:08
474,עזרא,גדעון,251,זכר,,False,2015-03-20T12:03:08
475,קרא,איוב,251,זכר,,False,2021-04-12T13:13:51.893
476,ריבלין,ראובן,251,זכר,,False,2015-03-20T12:03:08
477,שטייניץ,יובל,251,זכר,,False,2023-09-18T11:34:09.257
478,שטרית,מאיר,251,זכר,,False,2015-05-27T13:22:39.273
479,שלום,סילבן,251,זכר,,False,2016-02-08T12:24:52.033
482,שרון,אריאל,251,זכר,,False,2015-03-20T12:03:08
483,אזולאי,דוד,251,זכר,,False,2018-10-31T09:01:25.917
484,בניזרי,שלמה,251,זכר,,False,2015-03-20T12:03:08
485,גאגולה,יצחק,251,זכר,,False,2015-03-20T12:03:08
486,גמליאל,אריה,251,זכר,,False,2015-03-20T12:03:08
487,דהן,נסים,251,זכר,,False,2015-03-20T12:03:08
488,וקנין,יצחק,251,זכר,,False,2020-06-04T11:19:35.103
490,זאב,נסים,251,זכר,,False,2015-05-27T13:23:51.127
492,חוגי,עופר,251,זכר,,False,2015-03-20T12:03:08
493,טל,דוד,251,זכר,,False,2015-03-20T12:03:08
494,ישי,אליהו,251,זכר,,False,2015-05-27T13:29:17.583
495,כהן,אמנון,251,זכר,,False,2015-05-27T13:18:56.047
498,נהרי,משולם,251,זכר,,False,2021-04-07T08:10:41.83
499,סבן,יצחק,251,זכר,,False,2015-03-20T12:03:08
500,סויסה,אליהו,251,זכר,,False,2015-03-20T12:03:08
501,פרץ,יאיר,251,זכר,,False,2015-03-20T12:03:08
503,גילאון,אילן,251,זכר,,False,2021-04-12T13:12:51.403
504,גלאון,זהבה,250,נקבה,,False,2022-11-06T18:37:28.607
505,וילן,אבשלום,251,זכר,,False,2015-03-20T12:03:08
506,חזן,נעמי,250,נקבה,,False,2015-03-20T12:03:08
507,כהן,רן,251,זכר,,False,2015-03-20T12:03:08
509,מאור,ענת,250,נקבה,,False,2015-03-20T12:03:08
510,רובינשטיין,אמנון,251,זכר,,False,2015-03-20T12:03:08
511,רז,מוסי,251,זכר,,False,2022-11-06T18:37:51.377
512,שריד,יוסי,251,זכר,,False,2015-03-20T12:03:08
513,בריילובסקי,ויקטור,251,זכר,,False,2015-03-20T12:03:08
517,לפיד,יוסף (טומי),251,זכר,,False,2015-03-20T12:03:08
518,נאות,יהודית,250,נקבה,,False,2015-03-20T12:03:08
519,פורז,אברהם,251,זכר,,False,2018-03-11T12:21:04.957
520,פריצקי,יוסף יצחק,251,זכר,,False,2015-03-20T12:03:08
521,אורלב,זבולון,251,זכר,,False,2015-03-20T12:03:08
522,ביבי,יגאל,251,זכר,,False,2015-03-20T12:03:08
523,דרוקמן,חיים,251,זכר,,False,2015-03-20T12:03:08
524,יהלום,שאול,251,זכר,,False,2015-03-20T12:03:08
525,לנגנטל,נחום,251,זכר,,False,2015-03-20T12:03:08
526,גפני,משה,251,זכר,mgafni@knesset.gov.il,True,2022-11-10T11:19:09.637
527,הלפרט,שמואל,251,זכר,,False,2015-03-20T12:03:08
528,ליצמן,יעקב,251,זכר,,False,2022-06-03T14:35:15.197
531,רביץ,אברהם,251,זכר,,False,2015-03-20T12:03:08
532,אדלשטיין,יולי יואל,251,זכר,yedelstein@knesset.gov.il,True,2022-11-10T11:19:09.463
533,סולודקין,מרינה,250,נקבה,,False,2015-03-20T12:03:08
534,ריגר,גנדי,251,זכר,,False,2015-03-20T12:03:08
535,שרנסקי,נתן,251,זכר,,False,2015-11-30T19:44:18.71
536,לוי,דוד,251,זכר,,False,2015-03-20T12:03:08
537,לוי,מקסים,251,זכר,,False,2015-03-20T12:03:08
538,משעני,מרדכי,251,זכר,,False,2015-03-20T12:03:08
539,רבין-פילוסוף,דליה,250,נקבה,,False,2015-03-20T12:03:08
540,ברכה,מוחמד,251,זכר,,False,2015-05-27T13:22:50.737
541,גוז'נסקי,תמר,250,נקבה,,False,2015-03-20T12:03:08
542,מח'ול,עסאם,251,זכר,,False,2015-03-20T12:03:08
543,לסרי,יחיאל,251,זכר,,False,2015-03-20T12:03:08
544,מגן,דוד,251,זכר,,False,2015-03-20T12:03:08
545,מילוא,רוני,251,זכר,,False,2015-03-20T12:03:08
546,מרידור,דן,251,זכר,,False,2015-03-20T12:03:08
548,רונן,נחמה,250,נקבה,,False,2015-03-20T12:03:08
549,אלסאנע,טלב,251,זכר,,False,2015-03-20T12:03:08
550,דהאמשה,עבד-אלמאלכ,251,זכר,,False,2015-03-20T12:03:08
551,מחאמיד,האשם,251,זכר,,False,2015-03-20T12:03:08
552,ברונפמן,רומן,251,זכר,,False,2015-03-20T12:03:08
553,צינקר,אלכסנדר,251,זכר,,False,2015-03-20T12:03:08
554,חטיב,תאופיק,251,זכר,,False,2015-03-20T12:03:08
555,כנעאן,מוחמד,251,זכר,,False,2015-03-20T12:03:08
556,כץ,חיים,251,זכר,hkatz@knesset.gov.il,True,2022-11-10T11:19:09.4
557,פרץ,עמיר,251,זכר,,False,2020-03-12T12:45:09.777
558,בשארה,עזמי,251,זכר,,False,2015-03-20T12:03:08
559,קליינר,מיכאל,251,זכר,,False,2015-03-20T12:03:08
560,טיבי,אחמד,251,זכר,atibi@knesset.gov.il,True,2022-11-10T11:19:09.34
563,פרוש,מאיר,251,זכר,mporush@knesset.gov.il,True,2022-11-10T11:19:09.543
564,מלול,רחמים,251,זכר,,False,2015-03-20T12:03:08
565,נודלמן,מיכאל,251,זכר,,False,2015-03-20T12:03:08
567,זנדברג,אליעזר,251,זכר,,False,2015-03-20T12:03:08
580,כהן,יצחק,251,זכר,,False,2021-04-07T08:11:19.99
584,אביטל,שמואל,251,זכר,,False,2016-03-08T16:19:47.77
585,אוחנה,אשר,251,זכר,,False,2015-03-20T12:03:08
650,האן,אריה,251,זכר,,False,2020-03-23T23:33:28.683
664,לוי,אבי,251,זכר,,False,2020-03-23T23:43:57.527
713,אריאל,אורי,251,זכר,,False,2019-11-18T12:17:56.237
755,כהן,אלי,251,זכר,,False,2015-03-20T12:03:08
763,איתם,אפי,251,זכר,,False,2015-03-20T12:03:08
765,לוי,יצחק,251,זכר,,False,2015-03-20T12:03:08
818,גלעד,יהודה,251,זכר,,False,2015-03-20T12:03:08
860,גולדשמידט,אלי,251,זכר,,False,2015-03-20T12:03:08
861,ברעם,עוזי,251,זכר,,False,2015-03-20T12:03:08
862,קצב,משה,251,זכר,,False,2015-03-20T12:03:08
865,נוקד,אורית,250,נקבה,,False,2015-03-20T12:03:08
889,רשף,צלי,251,זכר,,False,2015-03-20T12:03:08
926,אבן,עוזי,251,זכר,,False,2015-03-20T12:03:08
949,מופז,שאול,251,זכר,,False,2015-05-27T13:25:51.197
965,נתניהו,בנימין,251,זכר,bnetanyahu@knesset.gov.il,True,2022-11-10T11:19:09.37
986,צברי,פנחס,251,זכר,,False,2015-03-20T12:03:08
1025,גמליאל,גילה,250,נקבה,ggamliel@knesset.gov.il,True,2022-11-10T11:19:09.37
1026,אברהם-בלילא,רוחמה,250,נקבה,,False,2015-03-20T12:03:08
1027,סער,גדעון,251,זכר,gsaar@knesset.gov.il,True,2022-11-10T11:19:09.37
1028,בנלולו,דניאל,251,זכר,,False,2018-03-11T12:21:23.93
1029,רצון,מיכאל,251,זכר,,False,2015-03-20T12:03:08
1030,והבה,מגלי,251,זכר,,False,2015-03-20T12:03:08
1031,אדרי,יעקב,251,זכר,,False,2015-03-20T12:03:08
1032,יתום,אהוד,251,זכר,,False,2015-03-20T12:03:08
1033,אפללו,אלי,251,זכר,,False,2015-03-20T12:03:08
1034,כחלון,משה,251,זכר,,False,2020-05-24T09:42:39.72
1035,שרון,עמרי,251,זכר,,False,2015-03-20T12:03:08
1036,גורלובסקי,מיכאל,251,זכר,,False,2015-03-20T12:03:08
1037,ארדן,גלעד,251,זכר,,False,2020-07-05T15:15:48.447
1038,בר-און,רוני,251,זכר,,False,2015-03-20T12:03:08
1039,גבריאלי,ענבל,250,נקבה,,False,2015-03-20T12:03:08
1040,חזן,יחיאל,251,זכר,,False,2018-03-20T19:55:02.087
1041,נס,לאה,250,נקבה,,False,2015-03-20T12:03:08
1042,מצנע,עמרם,251,זכר,,False,2015-05-27T13:24:19.263
1043,תמיר,יולי,250,נקבה,,False,2015-03-20T12:03:08
1044,הרצוג,יצחק,251,זכר,,False,2018-08-07T10:06:58.843
1045,יתום,דני,251,זכר,,False,2015-03-20T12:03:08
1046,שלגי,אילן,251,זכר,,False,2015-03-20T12:03:08
1047,פולישוק-בלוך,מלי,250,נקבה,,False,2019-05-26T15:44:28.463
1048,חן,רשף,251,זכר,,False,2018-03-11T12:21:39.437
1049,בריזון,רוני,251,זכר,,False,2015-03-20T12:03:08
1050,רצאבי,אהוד,251,זכר,,False,2015-03-20T12:03:08
1051,לבני,אתי,250,נקבה,,False,2015-03-20T12:03:08
1052,ליבוביץ,אילן,251,זכר,,False,2015-03-20T12:03:08
1053,דורון,חמי,251,זכר,,False,2015-03-20T12:03:08
1054,יאסינוב,יגאל,251,זכר,,False,2015-03-20T12:03:08
1055,אלדד,אריה,251,זכר,,False,2015-03-20T12:03:08
1056,מרגי,יעקב,251,זכר,ymargi@knesset.gov.il,True,2022-11-10T11:19:09.497
1057,אייכלר,ישראל,251,זכר,ieichler@knesset.gov.il,True,2022-11-10T11:19:09.527
1059,פינקלשטיין,גילה,250,נקבה,,False,2015-03-20T12:03:08
1061,זחאלקה,ג'מאל,251,זכר,,False,2019-05-14T11:05:30.953
1062,טאהא,ואסל,251,זכר,,False,2019-11-06T09:20:21.093
1063,כהן,אילנה,250,נקבה,,False,2015-03-20T12:03:08
1064,אולמרט,אהוד,251,זכר,,False,2020-01-14T15:31:16.073
1065,אורון,חיים,251,זכר,,False,2015-03-20T12:03:08
1067,וילנאי,מתן,251,זכר,,False,2015-03-20T12:03:08
1068,סלומינסקי,ניסן,251,זכר,,False,2019-05-14T10:55:51.23
1996,מרזוק,דן,251,זכר,danmarzouk@knesset.gov.il,True,2022-04-06T12:20:19.253
2014,מג'אדלה,ראלב,251,זכר,,False,2023-03-27T16:39:24.95
2114,שרת,משה,251,זכר,,False,2015-03-20T12:03:08
2116,א'-דאהר,אחמד,251,זכר,,False,2015-03-20T12:03:08
2117,אבו-רביעה,חמאד,251,זכר,,False,2015-03-20T12:03:08
2118,אבו-רוכן,לביב,251,זכר,,False,2015-03-20T12:03:08
2119,אבוחצירא,אהרן,251,זכר,,False,2015-03-20T12:03:08
2120,אבטבי,אליעזר,251,זכר,,False,2015-03-20T12:03:08
2121,אביזוהר,מאיר,251,זכר,,False,2015-03-20T12:03:08
2122,אבן,אבא,251,זכר,,False,2015-03-20T12:03:08
2123,אבניאל,בנימין,251,זכר,,False,2015-03-20T12:03:08
2124,אבנרי,אורי,251,זכר,,False,2015-03-20T12:03:08
2125,אבריאל,אהוד,251,זכר,,False,2020-02-02T14:25:39.983
2126,אברמוב,שניאור זלמן,251,זכר,,False,2015-03-20T12:03:08
2127,אברמוביץ,יהודה-מאיר,251,זכר,,False,2015-03-20T12:03:08
2128,אדרי,רפאל,251,זכר,,False,2015-03-20T12:03:08
2129,אוזן,אהרן,251,זכר,,False,2015-03-20T12:03:08
2130,אולמרט,מרדכי,251,זכר,,False,2015-03-20T12:03:08
2131,אונא,משה,251,זכר,,False,2015-03-20T12:03:08
2132,אור,אורי,251,זכר,,False,2015-03-20T12:03:08
2133,אורי,יעקב,251,זכר,,False,2015-03-20T12:03:08
2134,אזניה,ברוך,251,זכר,,False,2015-03-20T12:03:08
2135,אחימאיר,יוסף,251,זכר,,False,2015-03-20T12:03:08
2136,אידלסון,בבה,250,נקבה,,False,2015-03-20T12:03:08
2137,איכילוב,עזרא,251,זכר,,False,2015-03-20T12:03:08
2138,איתן,רפאל,251,זכר,,False,2015-03-20T12:03:08
2139,אלגרבלי,מרדכי,251,זכר,,False,2015-03-20T12:03:08
2140,אלדרוטי,צבי,251,זכר,,False,2015-03-20T12:03:08
2141,אלול,רפאל,251,זכר,,False,2015-03-20T12:03:08
2142,אלון,יגאל,251,זכר,,False,2015-03-20T12:03:08
2143,אלוני,שולמית,250,נקבה,,False,2015-03-20T12:03:08
2144,אלזועבי,סיף-אלדין,251,זכר,,False,2015-03-20T12:03:08
2145,אלטמן,אריה,251,זכר,,False,2015-03-20T12:03:08
2146,אליאב,אריה לובה,251,זכר,,False,2015-03-20T12:03:08
2147,אליהו,שלמה,251,זכר,,False,2015-03-20T12:03:08
2148,אליעד,נסים,251,זכר,,False,2015-03-20T12:03:08
2149,אלישר,אליהו,251,זכר,,False,2015-03-20T12:03:08
2150,אלמוגי,יוסף-אהרון,251,זכר,,False,2015-03-20T12:03:08
2151,אלמליח,אברהם,251,זכר,,False,2015-03-20T12:03:08
2152,אמוראי,עדיאל,251,זכר,,False,2015-03-20T12:03:08
2153,אמיר,יעקב-ז'אק,251,זכר,,False,2015-03-20T12:03:08
2154,אנאשף,מחמוד,251,זכר,,False,2015-03-20T12:03:08
2155,אנקוריון,ארי,251,זכר,,False,2015-03-20T12:03:08
2156,אסא,ירחמיאל,251,זכר,,False,2015-03-20T12:03:08
2157,אסעד,אסעד,251,זכר,,False,2015-03-20T12:03:08
2158,אסעד,שפיק,251,זכר,,False,2015-03-20T12:03:08
2159,אסף,עמי,251,זכר,,False,2015-03-20T12:03:08
2160,אפרת,אהרון,251,זכר,,False,2015-03-20T12:03:08
2161,אפרתי,יוסף,251,זכר,,False,2015-03-20T12:03:08
2162,ארבלי-אלמוזלינו,שושנה,250,נקבה,,False,2015-03-20T12:03:08
2163,ארגוב,מאיר,251,זכר,,False,2015-03-20T12:03:08
2164,ארד,נאוה,250,נקבה,,False,2015-03-20T12:03:08
2165,ארדיטי,בנימין,251,זכר,,False,2015-03-20T12:03:08
2166,ארזי,ראובן,251,זכר,,False,2015-03-20T12:03:08
2167,אריאב,חיים,251,זכר,,False,2015-03-20T12:03:08
2168,ארידור,יורם,251,זכר,,False,2015-03-20T12:03:08
2169,ארליך,שמחה,251,זכר,,False,2015-03-20T12:03:08
2170,ארם,משה,251,זכר,,False,2015-03-20T12:03:08
2171,ארן,זלמן,251,זכר,,False,2015-03-20T12:03:08
2172,ארצי,יצחק,251,זכר,,False,2015-03-20T12:03:08
2173,אשכול,לוי,251,זכר,,False,2015-03-20T12:03:08
2174,אשל,תמר,250,נקבה,,False,2015-03-20T12:03:08
2175,בא-גד,יוסף,251,זכר,,False,2015-03-20T12:03:08
2176,בארי,ידידיה,251,זכר,,False,2015-03-20T12:03:08
2177,בבה,שמחה,251,זכר,,False,2015-03-20T12:03:08
2178,בגין,זאב בנימין,251,זכר,,False,2021-04-04T00:24:59.177
2179,בגין,מנחם,251,זכר,,False,2015-03-20T12:03:08
2180,בדיאן,אליקים-גוסטב,251,זכר,,False,2015-03-20T12:03:08
2181,בדר,יוחנן,251,זכר,,False,2015-03-20T12:03:08
2182,בדר,מנחם,251,זכר,,False,2015-03-20T12:03:08
2183,בדש,פיני,251,זכר,,False,2015-03-20T12:03:08
2184,בהיר,אריה,251,זכר,,False,2015-03-20T12:03:08
2185,בוגר,חיים,251,זכר,,False,2015-03-20T12:03:08
2186,בוחבוט,שלמה,251,זכר,,False,2015-03-20T12:03:08
2187,בורג,יוסף,251,זכר,,False,2015-03-20T12:03:08
2188,בז'רנו,שמעון,251,זכר,,False,2015-03-20T12:03:08
2189,ביבי,מרדכי,251,זכר,,False,2015-03-20T12:03:08
2190,ביטון,אברהם,251,זכר,,False,2015-03-20T12:03:08
2191,ביטון,צ'רלי,251,זכר,,False,2015-03-20T12:03:08
2192,ביילין,יוסי,251,זכר,,False,2015-03-20T12:03:08
2193,בלומנטל,נפתלי,251,זכר,,False,2015-03-20T12:03:08
2194,בן-אהרן,יצחק,251,זכר,,False,2015-03-20T12:03:08
2195,בן-אליעזר,אריה,251,זכר,,False,2015-03-20T12:03:08
2196,בן-אלישר,אליהו,251,זכר,,False,2015-03-20T12:03:08
2197,בן-אשר,חיים,251,זכר,,False,2015-03-20T12:03:08
2198,בן-גוריון,דוד,251,זכר,,False,2015-03-20T12:03:08
2199,בן-יעקב,זלמן,251,זכר,,False,2015-03-20T12:03:08
2200,בן-ישראל,גדעון,251,זכר,,False,2015-03-20T12:03:08
2201,בן-מאיר,דב,251,זכר,,False,2015-03-20T12:03:08
2202,בן-מאיר,יהודה,251,זכר,,False,2015-03-20T12:03:08
2203,בן-מאיר,שלמה-ישראל,251,זכר,,False,2015-03-20T12:03:08
2204,בן-עמי,משה,251,זכר,,False,2015-03-20T12:03:08
2206,בן-פורת,מרדכי,251,זכר,,False,2015-03-20T12:03:08
2207,בן-צבי,יצחק,251,זכר,,False,2015-03-20T12:03:08
2208,בן-צור,שמריהו,251,זכר,,False,2015-03-20T12:03:08
2209,בן-שלמה,שמעון,251,זכר,,False,2015-03-20T12:03:08
2210,בנטוב,מרדכי,251,זכר,,False,2015-03-20T12:03:08
2211,בסטוני,רוסתם,251,זכר,,False,2015-03-20T12:03:08
2212,בקר,אהרן,251,זכר,,False,2015-03-20T12:03:08
2213,בר-און,מרדכי,251,זכר,,False,2015-03-20T12:03:08
2214,בר-זהר,מיכאל,251,זכר,,False,2015-03-20T12:03:08
2215,בר-יהודה,ישראל,251,זכר,,False,2015-03-20T12:03:08
2216,בר-לב,חיים,251,זכר,,False,2015-03-20T12:03:08
2217,בר-ניר,דב,251,זכר,,False,2015-03-20T12:03:08
2218,בר-רב-האי,דוד,251,זכר,,False,2015-03-20T12:03:08
2219,ברגר,הרצל,251,זכר,,False,2015-03-20T12:03:08
2220,ברזילי,ישראל,251,זכר,,False,2015-03-20T12:03:08
2221,ברמן,אברהם,251,זכר,,False,2015-03-20T12:03:08
2222,ברמן,יצחק,251,זכר,,False,2015-03-20T12:03:08
2223,ברנשטיין,פרץ,251,זכר,,False,2015-03-20T12:03:08
2224,ברעם,משה,251,זכר,,False,2015-03-20T12:03:08
2225,ברץ,יוסף,251,זכר,,False,2015-03-20T12:03:08
2226,ברק,אהוד,251,זכר,,False,2015-03-20T12:03:08
2227,ברקת,ראובן,251,זכר,,False,2015-03-20T12:03:08
2228,בש,רפאל,251,זכר,,False,2015-03-20T12:03:08
2229,ג'בארה,חוסניה,250,נקבה,,False,2015-03-20T12:03:08
2230,ג'בארה,חליל-סלים,251,זכר,,False,2015-03-20T12:03:08
2231,ג'רג'ורה,אמין,251,זכר,,False,2015-03-20T12:03:08
2232,גבאי,אליהו,251,זכר,,False,2015-03-20T12:03:08
2233,גבתי,חיים,251,זכר,,False,2015-03-20T12:03:08
2234,גדות,גדעון,251,זכר,,False,2015-03-20T12:03:08
2235,גוברין,עקיבא,251,זכר,,False,2015-03-20T12:03:08
2236,גוטמן,שאול,251,זכר,,False,2015-03-20T12:03:08
2237,גולדברג,יוסף,251,זכר,,False,2015-03-20T12:03:08
2238,גולדמן,מיכה,251,זכר,,False,2015-03-20T12:03:08
2239,גולדפרב,אלכס,251,זכר,,False,2015-03-20T12:03:08
2240,גולדרט,אברהם,251,זכר,,False,2015-03-20T12:03:08
2241,גולדשטיין,אהרן,251,זכר,,False,2015-03-20T12:03:08
2242,גולדשטיין,פנחס,251,זכר,,False,2015-03-20T12:03:08
2243,גולדשמידט,יוסף,251,זכר,,False,2015-03-20T12:03:08
2244,גולומב,דוד,251,זכר,,False,2015-03-20T12:03:08
2245,גולן,יצחק,251,זכר,,False,2015-03-20T12:03:08
2246,גור,אפרים,251,זכר,,False,2015-03-20T12:03:08
2247,גור,מרדכי,251,זכר,,False,2015-03-20T12:03:08
2248,גורי,ישראל,251,זכר,,False,2015-03-20T12:03:08
2249,גורן,שרגא,251,זכר,,False,2015-03-20T12:03:08
2250,גז,מטילדה,250,נקבה,,False,2015-03-20T12:03:08
2251,גיבלבר,אברהם,251,זכר,,False,2015-03-20T12:03:08
2252,גיל,יעקב,251,זכר,,False,2015-03-20T12:03:08
2253,גיל,יעקב,251,זכר,,False,2015-03-20T12:03:08
2254,גל,גדליה,251,זכר,,False,2015-03-20T12:03:08
2255,גלוסקא,זכריה,251,זכר,,False,2015-03-20T12:03:08
2256,גלזר-תעסה,מרים,250,נקבה,,False,2015-03-20T12:03:08
2257,גלילי,ישראל,251,זכר,,False,2015-03-20T12:03:08
2258,גלס,דוד,251,זכר,,False,2015-03-20T12:03:08
2259,גנחובסקי,אליהו-משה,251,זכר,,False,2015-03-20T12:03:08
2260,גרוס,שלמה-יעקב,251,זכר,,False,2015-03-20T12:03:08
2261,גרוסמן,חייקה,250,נקבה,,False,2015-03-20T12:03:08
2262,גרופר,פסח,251,זכר,,False,2015-03-20T12:03:08
2263,גרידי,שמעון,251,זכר,,False,2015-03-20T12:03:08
2264,גרינברג,אהרן-יעקב,251,זכר,,False,2015-03-20T12:03:08
2265,גרינברג,אורי-צבי,251,זכר,,False,2015-03-20T12:03:08
2266,גרנות,אברהם,251,זכר,,False,2015-03-20T12:03:08
2267,גרנות,אלעזר,251,זכר,,False,2015-03-20T12:03:08
2268,גרשוני,צבי,251,זכר,,False,2015-03-20T12:03:08
2269,דגני,עמוס,251,זכר,,False,2015-03-20T12:03:08
2270,דובדבני,יחיאל,251,זכר,,False,2015-03-20T12:03:08
2271,דויטש,אברהם,251,זכר,,False,2015-03-20T12:03:08
2272,דון-יחיא,שבתאי,251,זכר,,False,2015-03-20T12:03:08
2273,דורון,שרה,250,נקבה,,False,2015-03-20T12:03:08
2274,דיאב,יוסף,251,זכר,,False,2015-03-20T12:03:08
2275,דיין,אלי,251,זכר,,False,2015-03-20T12:03:08
2276,דיין,חיים,251,זכר,,False,2015-03-20T12:03:08
2277,דיין,משה,251,זכר,,False,2015-03-20T12:03:08
2278,דיין,שלמה,251,זכר,,False,2015-03-20T12:03:08
2279,דיין,שמואל,251,זכר,,False,2015-03-20T12:03:08
2280,דינור,בן-ציון,251,זכר,,False,2015-03-20T12:03:08
2281,דיניץ,שמחה,251,זכר,,False,2015-03-20T12:03:08
2282,דינשטיין,צבי,251,זכר,,False,2015-03-20T12:03:08
2283,דיציאן,ליאון,251,זכר,,False,2015-03-20T12:03:08
2284,דנינו,דוד,251,זכר,,False,2015-03-20T12:03:08
2285,דקל,מיכאל,251,זכר,,False,2015-03-20T12:03:08
2286,דראושה,עבד-אלוהב,251,זכר,,False,2015-03-20T12:03:08
2287,דרובלס,מתתיהו,251,זכר,,False,2015-03-20T12:03:08
2288,דרורי,אברהם,251,זכר,,False,2015-03-20T12:03:08
2289,דרורי,חסיה,250,נקבה,,False,2015-03-20T12:03:08
2290,דרניצקי,יהודה (יודין),251,זכר,,False,2018-03-11T12:22:02.733
2291,דרעי,אריה מכלוף,251,זכר,aderey@knesset.gov.il,True,2022-11-10T11:19:09.353
2292,האוזנר,גדעון,251,זכר,,False,2015-03-20T12:03:08
2293,הדר,עמוס,251,זכר,,False,2015-03-20T12:03:08
2294,הורביץ,יגאל,251,זכר,,False,2015-03-20T12:03:08
2295,הכהן,דוד,251,זכר,,False,2015-03-20T12:03:08
2296,הכהן,מנחם,251,זכר,,False,2015-03-20T12:03:08
2297,הכרמלי,אליהו,251,זכר,,False,2015-03-20T12:03:08
2298,הלוי,בנימין,251,זכר,,False,2015-03-20T12:03:08
2299,הלל,שלמה,251,זכר,,False,2015-03-20T12:03:08
2300,המר,זבולון,251,זכר,,False,2015-03-20T12:03:08
2301,הן,יחזקאל,251,זכר,,False,2015-03-20T12:03:08
2302,העצני,אליקים,251,זכר,,False,2015-03-20T12:03:08
2303,הקטין,רות,250,נקבה,,False,2015-03-20T12:03:08
2304,הראל,אהרן,251,זכר,,False,2015-03-20T12:03:08
2305,הראל,איסר,251,זכר,,False,2015-03-20T12:03:08
2306,הראל,בן-ציון,251,זכר,,False,2015-03-20T12:03:08
2307,הראל,יהודה,251,זכר,,False,2015-03-20T12:03:08
2308,הרינג,זאב,251,זכר,,False,2015-03-20T12:03:08
2309,הרליץ,אסתר,250,נקבה,,False,2015-03-20T12:03:08
2310,הרמן,זינה,250,נקבה,,False,2015-03-20T12:03:08
2311,הרפז,נטע,251,זכר,,False,2015-03-20T12:03:08
2312,הרצוג,חיים,251,זכר,,False,2015-03-20T12:03:08
2313,הרצפלד,אברהם,251,זכר,,False,2015-03-20T12:03:08
2314,הררי,יזהר,251,זכר,,False,2015-03-20T12:03:08
2315,ויינברג,צבי,251,זכר,,False,2015-03-20T12:03:08
2316,ויינשטיין,אריאל,251,זכר,,False,2015-03-20T12:03:08
2317,וייס,שבח,251,זכר,,False,2015-03-20T12:03:08
2318,וילנסקה,אסתר,250,נקבה,,False,2023-11-05T13:34:39.99
2319,וילנר,מאיר,251,זכר,,False,2015-03-20T12:03:08
2320,ויצמן,עזר,251,זכר,,False,2015-03-20T12:03:08
2321,וירשובסקי,מרדכי,251,זכר,,False,2015-03-20T12:03:08
2322,ולדמן,אליעזר,251,זכר,,False,2015-03-20T12:03:08
2323,ונונו,יוסף,251,זכר,,False,2015-03-20T12:03:08
2324,ורדיגר,אברהם,251,זכר,,False,2015-03-20T12:03:08
2325,ורהפטיג,זרח,251,זכר,,False,2015-03-20T12:03:08
2326,ורטהיימר,זאב,251,זכר,,False,2015-03-20T12:03:08
2327,ורטמן,משה,251,זכר,,False,2015-03-20T12:03:08
2328,ותד,מחמד,251,זכר,,False,2015-03-20T12:03:08
2329,ז'בוטינסקי,ערי,251,זכר,,False,2015-03-20T12:03:08
2330,זוארץ,פריג'ה,251,זכר,,False,2015-03-20T12:03:08
2331,זוילי,נסים,251,זכר,,False,2015-03-20T12:03:08
2332,זועבי,עבדול-עזיז,251,זכר,,False,2015-03-20T12:03:08
2333,זורע,מאיר,251,זכר,,False,2015-03-20T12:03:08
2334,זיאד,תופיק,251,זכר,,False,2015-03-20T12:03:08
2335,זיגר,יצחק,251,זכר,,False,2015-03-20T12:03:08
2336,זייגרמן,דרור,251,זכר,,False,2015-03-20T12:03:08
2337,זיידל,הלל,251,זכר,,False,2015-03-20T12:03:08
2338,זילברברג,אברהם,251,זכר,,False,2015-03-20T12:03:08
2339,זיסמן,עמנואל,251,זכר,,False,2015-03-20T12:03:08
2340,זיסמן,שלום,251,זכר,,False,2015-03-20T12:03:08
2341,זכאי,יחזקאל,251,זכר,,False,2015-03-20T12:03:08
2342,זכין,דב,251,זכר,,False,2015-03-20T12:03:08
2343,זר,מרדכי,251,זכר,,False,2015-03-20T12:03:08
2344,חביבי,אמיל,251,זכר,,False,2015-03-20T12:03:08
2345,חג' יחיא,רפיק,251,זכר,,False,2015-03-20T12:03:08
2346,חדאד,חנא,251,זכר,,False,2015-03-20T12:03:08
2347,חושי,אבא,251,זכר,,False,2015-03-20T12:03:08
2348,חזן,יעקב,251,זכר,,False,2015-03-20T12:03:08
2349,חזני,מיכאל,251,זכר,,False,2015-03-20T12:03:08
2350,חלאילה,חמד,251,זכר,,False,2015-03-20T12:03:08
2351,חלפון,בן-ציון,251,זכר,,False,2015-03-20T12:03:08
2352,חמדאן,פארס,251,זכר,,False,2015-03-20T12:03:08
2353,חמיס,יוסף,251,זכר,,False,2015-03-20T12:03:08
2354,חניפס,סאלח,251,זכר,,False,2015-03-20T12:03:08
2355,חסין,אשר,251,זכר,,False,2015-03-20T12:03:08
2356,חריף,משה,251,זכר,,False,2015-03-20T12:03:08
2357,חריש,מיכאל,251,זכר,,False,2015-03-20T12:03:08
2358,חשאי,יהודה,251,זכר,,False,2015-03-20T12:03:08
2359,חת,נחום,251,זכר,,False,2015-03-20T12:03:08
2360,טביב,אברהם,251,זכר,,False,2015-03-20T12:03:08
2361,טבנקין,יצחק,251,זכר,,False,2015-03-20T12:03:08
2362,טברסקי,ז'ניה,250,נקבה,,False,2015-03-20T12:03:08
2363,טובי,תופיק,251,זכר,,False,2015-03-20T12:03:08
2364,טולידאנו,שמואל,251,זכר,,False,2015-03-20T12:03:08
2365,טיאר,אברהם,251,זכר,,False,2015-03-20T12:03:08
2366,טמקין,בנימין,251,זכר,,False,2015-03-20T12:03:08
2367,יגורי,אסף,251,זכר,,False,2015-03-20T12:03:08
2368,ידיד,מנחם,251,זכר,,False,2015-03-20T12:03:08
2369,ידין,יגאל,251,זכר,,False,2015-03-20T12:03:08
2370,ידלין,אהרן,251,זכר,,False,2015-03-20T12:03:08
2371,יהב,יונה,251,זכר,,False,2015-03-20T12:03:08
2372,יהודה,חיים,251,זכר,,False,2015-03-20T12:03:08
2373,יהודה,צבי,251,זכר,,False,2015-03-20T12:03:08
2374,יוניצ'מן,שמשון,251,זכר,,False,2015-03-20T12:03:08
2375,יוסף,דב,251,זכר,,False,2015-03-20T12:03:08
2376,יוסף,יעקב,251,זכר,,False,2015-03-20T12:03:08
2377,יוספטל,גיורא,251,זכר,,False,2015-03-20T12:03:08
2378,יוספטל,סנטה,250,נקבה,,False,2015-03-20T12:03:08
2379,ילין-מור,נתן,251,זכר,,False,2015-03-20T12:03:08
2380,יעקבי,גד,251,זכר,,False,2015-03-20T12:03:08
2381,יערי,מאיר,251,זכר,,False,2015-03-20T12:03:08
2382,יפה,אביעד,251,זכר,,False,2015-03-20T12:03:08
2383,יפה,אברהם,251,זכר,,False,2015-03-20T12:03:08
2384,יפרח,יהונתן,251,זכר,,False,2015-03-20T12:03:08
2385,יצחקי,יצחק,251,זכר,,False,2015-03-20T12:03:08
2386,יצחקי,יצחק,251,זכר,,False,2015-03-20T12:03:08
2387,יציב,גדי,251,זכר,,False,2015-03-20T12:03:08
2388,יריב,אהרן,251,זכר,,False,2015-03-20T12:03:08
2389,ישעיהו-שרעבי,ישראל,251,זכר,,False,2015-03-20T12:03:08
2390,כהן,אידוב,251,זכר,,False,2015-03-20T12:03:08
2391,כהן,בנו,251,זכר,,False,2015-03-20T12:03:08
2392,כהן,גאולה,250,נקבה,,False,2015-03-20T12:03:08
2393,כהן,גבריאל,251,זכר,,False,2015-03-20T12:03:08
2394,כהן,יגאל,251,זכר,,False,2015-03-20T12:03:08
2395,כהן,יוחנן,251,זכר,,False,2015-03-20T12:03:08
2396,כהן,מנחם,251,זכר,,False,2015-03-20T12:03:08
2397,כהן,שלום,251,זכר,,False,2015-03-20T12:03:08
2398,כהן-אבידב,מאיר,251,זכר,,False,2015-03-20T12:03:08
2399,כהן-אורגד,יגאל,251,זכר,,False,2015-03-20T12:03:08
2400,כהן-כגן,רחל,250,נקבה,,False,2015-03-20T12:03:08
2401,כהן-מגורי,חיים,251,זכר,,False,2015-03-20T12:03:08
2402,כהן-צידון,שלמה,251,זכר,,False,2015-03-20T12:03:08
2403,כהנא,מאיר,251,זכר,,False,2015-03-20T12:03:08
2404,כהנא,קלמן,251,זכר,,False,2015-03-20T12:03:08
2405,כלפון,אברהם,251,זכר,,False,2015-03-20T12:03:08
2406,כנוביץ,שמעון,251,זכר,,False,2015-03-20T12:03:08
2407,כסה,יונה,251,זכר,,False,2015-03-20T12:03:08
2408,כפרית,שרה,250,נקבה,,False,2015-03-20T12:03:08
2409,כץ,אברהם,251,זכר,,False,2015-03-20T12:03:08
2410,כץ,זאב,251,זכר,,False,2015-03-20T12:03:08
2411,"כ""ץ",יעקב,251,זכר,,False,2020-07-09T15:04:25.627
2412,כץ,שמואל,251,זכר,,False,2015-03-20T12:03:08
2413,כץ-עוז,אברהם,251,זכר,,False,2015-03-20T12:03:08
2414,כצנלסון,בת-שבע,250,נקבה,,False,2015-03-20T12:03:08
2415,כרמל,משה,251,זכר,,False,2015-03-20T12:03:08
2416,לבון,פנחס,251,זכר,,False,2015-03-20T12:03:08
2417,לביא,שלמה,251,זכר,,False,2015-03-20T12:03:08
2418,לבנבראון,אברהם,251,זכר,,False,2015-03-20T12:03:08
2419,לבני,איתן,251,זכר,,False,2015-03-20T12:03:08
2420,לובוצקי,אלכסנדר,251,זכר,,False,2015-03-20T12:03:08
2421,לובלסקי,מאשה,250,נקבה,,False,2015-03-20T12:03:08
2422,לוונשטיין,מאיר-דוד,251,זכר,,False,2015-03-20T12:03:08
2423,לוז,קדיש,251,זכר,,False,2015-03-20T12:03:08
2424,לוי,דניאל יצחק,251,זכר,,False,2015-03-20T12:03:08
2425,לוי,יאיר,251,זכר,,False,2015-03-20T12:03:08
2426,לוי,סטלה,250,נקבה,,False,2015-03-20T12:03:08
2427,לוין,יצחק-מאיר,251,זכר,,False,2015-03-20T12:03:08
2428,לוין,נחום,251,זכר,,False,2015-03-20T12:03:08
2429,לוין,שלום,251,זכר,,False,2015-03-20T12:03:08
2430,לוקר,ברל,251,זכר,,False,2015-03-20T12:03:08
2431,לורינץ,שלמה,251,זכר,,False,2015-03-20T12:03:08
2432,ליבאי,דוד,251,זכר,,False,2015-03-20T12:03:08
2433,ליבנה,אליעזר,251,זכר,,False,2015-03-20T12:03:08
2434,ליבשיץ,דוד,251,זכר,,False,2015-03-20T12:03:08
2435,לייזרזון,אברהם יוסף,251,זכר,,False,2015-03-20T12:03:08
2436,לין,אוריאל,251,זכר,,False,2015-03-20T12:03:08
2437,לין,אמנון,251,זכר,,False,2015-03-20T12:03:08
2438,לינקר,ציטה,250,נקבה,,False,2015-03-20T12:03:08
2439,ליפקין-שחק,אמנון,251,זכר,,False,2015-03-20T12:03:08
2440,לם,יוסף,251,זכר,,False,2015-03-20T12:03:08
2441,למדן,חנה,250,נקבה,,False,2015-03-20T12:03:08
2442,לנדאו,חיים,251,זכר,,False,2015-03-20T12:03:08
2443,לנקין,אליהו,251,זכר,,False,2015-03-20T12:03:08
2444,לנקרי,יהודה,251,זכר,,False,2015-03-20T12:03:08
2445,לס,יורם,251,זכר,,False,2015-03-20T12:03:08
2446,לקט,יחיאל,251,זכר,,False,2015-03-20T12:03:08
2447,מאיה,משה,251,זכר,,False,2015-03-20T12:03:08
2448,מאיר,גולדה,250,נקבה,,False,2015-03-20T12:03:08
2449,מאסלה,אדיסו,251,זכר,,False,2015-03-20T12:03:08
2450,מואב,בועז,251,זכר,,False,2015-03-20T12:03:08
2451,מודעי,יצחק,251,זכר,,False,2015-03-20T12:03:08
2452,מוויס,חנא,251,זכר,,False,2015-03-20T12:03:08
2453,מויאל,אליהו,251,זכר,,False,2015-03-20T12:03:08
2454,מועדי,ג'בר,251,זכר,,False,2015-03-20T12:03:08
2455,מור,דוד,251,זכר,,False,2015-03-20T12:03:08
2456,מזור,אליהו,251,זכר,,False,2015-03-20T12:03:08
2457,מזרחי,אליעזר,251,זכר,,False,2015-03-20T12:03:08
2458,מזרחי,יעקב,251,זכר,,False,2015-03-20T12:03:08
2459,מילמן,דב,251,זכר,,False,2018-03-11T12:22:59.28
2460,מימון,יהודה לייב,251,זכר,,False,2015-03-20T12:03:08
2461,מימון,עדה,250,נקבה,,False,2015-03-20T12:03:08
2462,מינץ,בנימין,251,זכר,,False,2015-03-20T12:03:08
2463,מיעארי,מוחמד,251,זכר,,False,2015-03-20T12:03:08
2464,מיקוניס,שמואל,251,זכר,,False,2015-03-20T12:03:08
2465,מירום,חגי,251,זכר,,False,2015-03-20T12:03:08
2466,מלמד,אברהם,251,זכר,,False,2015-03-20T12:03:08
2467,מנע,דוד,251,זכר,,False,2015-03-20T12:03:08
2468,מרדכי,יצחק,251,זכר,,False,2015-03-20T12:03:08
2469,מרון,משה,251,זכר,,False,2015-03-20T12:03:08
2470,מרידור,אליהו,251,זכר,,False,2015-03-20T12:03:08
2471,מרידור,יעקב,251,זכר,,False,2015-03-20T12:03:08
2472,מרלין,שמואל,251,זכר,,False,2015-03-20T12:03:08
2473,מרציאנו,סעדיה,251,זכר,,False,2015-03-20T12:03:08
2474,משל,ירוחם,251,זכר,,False,2015-03-20T12:03:08
2475,נאמן,יובל,251,זכר,,False,2015-03-20T12:03:08
2476,נבון,יצחק,251,זכר,,False,2015-03-20T12:03:08
2477,נוף,עקיבא,251,זכר,,False,2015-03-20T12:03:08
2478,נורוק,מרדכי,251,זכר,,False,2015-03-20T12:03:08
2479,נחושתן,יעקב,251,זכר,,False,2015-03-20T12:03:08
2480,נחלה,אליאס,251,זכר,,False,2015-03-20T12:03:08
2481,נחמיאס,אהרן,251,זכר,,False,2015-03-20T12:03:08
2482,נחמן,רון,251,זכר,,False,2015-03-20T12:03:08
2483,נחמקין,אריה,251,זכר,,False,2015-03-20T12:03:08
2484,ניצני,יעקב,251,זכר,,False,2015-03-20T12:03:08
2485,ניר,צביקה,251,זכר,,False,2015-03-20T12:03:08
2486,ניר-רפאלקס,נחום,251,זכר,,False,2015-03-20T12:03:08
2487,נמיר,אורה,250,נקבה,,False,2015-03-20T12:03:08
2488,נמיר,מרדכי,251,זכר,,False,2015-03-20T12:03:08
2489,נסים,משה,251,זכר,,False,2015-03-20T12:03:08
2490,נסראלדין,אמל,251,זכר,,False,2015-03-20T12:03:08
2491,נעים,רענן,251,זכר,,False,2015-03-20T12:03:08
2492,נפאע,מוחמד,251,זכר,,False,2015-03-20T12:03:08
2493,נפתלי,פרץ,251,זכר,,False,2015-03-20T12:03:08
2494,נצר,דבורה,250,נקבה,,False,2015-03-20T12:03:08
2495,נריה,צבי-משה,251,זכר,,False,2015-03-20T12:03:08
2496,סבג,אורי,251,זכר,,False,2015-03-20T12:03:08
2497,סבידור,מנחם,251,זכר,,False,2015-03-20T12:03:08
2498,סביר,אורי,251,זכר,,False,2015-03-20T12:03:08
2499,סדן,דב,251,זכר,,False,2015-03-20T12:03:08
2500,סוזאייב,זלמן,251,זכר,,False,2015-03-20T12:03:08
2501,סויסה,רפאל,251,זכר,,False,2015-03-20T12:03:08
2502,סולודר,עדנה,250,נקבה,,False,2015-03-20T12:03:08
2503,סורקיס,מרדכי,251,זכר,,False,2015-03-20T12:03:08
2504,סטופ,אברהם,251,זכר,,False,2015-03-20T12:03:08
2505,סלים,סאלח,251,זכר,,False,2015-03-20T12:03:08
2506,סלימאן,צלאח,251,זכר,,False,2015-03-20T12:03:08
2507,סלמוביץ,אסתר,250,נקבה,,False,2015-03-20T12:03:08
2508,סמילנסקי,יזהר,251,זכר,,False,2015-03-20T12:03:08
2509,סנה,משה,251,זכר,,False,2015-03-20T12:03:08
2510,סנהדראי,טובה,250,נקבה,,False,2015-03-20T12:03:08
2511,סעד,אחמד,251,זכר,,False,2015-03-20T12:03:08
2512,ספיר,יוסף,251,זכר,,False,2015-03-20T12:03:08
2513,ספיר,פנחס,251,זכר,,False,2015-03-20T12:03:08
2514,סרדינס,משה,251,זכר,,False,2015-03-20T12:03:08
2515,סרטני,אמירה,250,נקבה,,False,2015-03-20T12:03:08
2516,סרלין,יוסף,251,זכר,,False,2015-03-20T12:03:08
2517,עבאס,אברהם,251,זכר,,False,2015-03-20T12:03:08
2518,עוביד,דיאב,251,זכר,,False,2015-03-20T12:03:08
2519,עוזיאל,ברוך,251,זכר,,False,2015-03-20T12:03:08
2520,עופר,אברהם,251,זכר,,False,2015-03-20T12:03:08
2521,עופר,מרדכי,251,זכר,,False,2015-03-20T12:03:08
2522,עזרן,יוסף,251,זכר,,False,2015-03-20T12:03:08
2523,עטשי,זיידאן,251,זכר,,False,2015-03-20T12:03:08
2524,עלי,עובדיה,251,זכר,,False,2015-03-20T12:03:08
2525,עמאר,משה,251,זכר,,False,2015-03-20T12:03:08
2526,עמור,שאול,251,זכר,,False,2015-03-20T12:03:08
2527,עמית,מאיר,251,זכר,,False,2015-03-20T12:03:08
2528,עמר,שלמה חיים,251,זכר,,False,2015-03-20T12:03:08
2529,פארס,חסיין חוסיין,251,זכר,,False,2015-03-20T12:03:08
2530,פדר,נפתלי,251,זכר,,False,2015-03-20T12:03:08
2531,פורדר,ישעיהו,251,זכר,,False,2015-03-20T12:03:08
2532,פורת,חנן,251,זכר,,False,2015-03-20T12:03:08
2533,פייגה,אילנית,250,נקבה,,False,2015-03-20T12:03:08
2534,פיינברג-סירני,עדה,250,נקבה,,False,2015-03-20T12:03:08
2535,פיינרמן,עוזי,251,זכר,,False,2015-03-20T12:03:08
2536,פישר,יוסף,251,זכר,,False,2015-03-20T12:03:08
2537,פלאטו-שרון,שמואל,251,זכר,,False,2015-03-20T12:03:08
2538,פלד,משה,251,זכר,,False,2015-03-20T12:03:08
2539,פלד,מתתיהו,251,זכר,,False,2015-03-20T12:03:08
2540,פלד,נתן,251,זכר,,False,2015-03-20T12:03:08
2541,פלדמן,משה-זאב,251,זכר,,False,2015-03-20T12:03:08
2542,פלדמן,ראובן,251,זכר,,False,2015-03-20T12:03:08
2543,פלומין,יחזקאל,251,זכר,,False,2015-03-20T12:03:08
2544,פלש,ג'ורג',251,זכר,,False,2015-03-20T12:03:08
2545,פנחסי,רפאל,251,זכר,,False,2016-01-25T16:58:46.607
2546,פנקס,דוד-צבי,251,זכר,,False,2015-03-20T12:03:08
2547,פעיל,מאיר,251,זכר,,False,2015-03-20T12:03:08
2548,פרומקין,השל,251,זכר,,False,2015-03-20T12:03:08
2549,פרוש,מנחם,251,זכר,,False,2015-03-20T12:03:08
2550,פרח,יהודה,251,זכר,,False,2015-03-20T12:03:08
2551,פרי,אליעזר,251,זכר,,False,2015-03-20T12:03:08
2552,פרידמן,מרשה,250,נקבה,,False,2015-03-20T12:03:08
2553,פרידמן,שמחה,251,זכר,,False,2015-03-20T12:03:08
2554,פרלשטיין,שלמה,251,זכר,,False,2015-03-20T12:03:08
2555,פרמינגר,אליעזר,251,זכר,,False,2015-03-20T12:03:08
2556,פרנק,יעקב,251,זכר,,False,2015-03-20T12:03:08
2557,פרסיץ,שושנה,250,נקבה,,False,2015-03-20T12:03:08
2558,פרץ,יצחק,251,זכר,,False,2015-03-20T12:03:08
2559,פרץ,יצחק-חיים,251,זכר,,False,2015-03-20T12:03:08
2560,פת,גדעון,251,זכר,,False,2015-03-20T12:03:08
2561,פתל,דוד,251,זכר,,False,2015-03-20T12:03:08
2562,צאדק חאג'-יחיא,וליד,251,זכר,,False,2015-03-20T12:03:08
2563,צבן,יאיר,251,זכר,,False,2015-03-20T12:03:08
2564,צברי,רחל,250,נקבה,,False,2015-03-20T12:03:08
2565,צדוק,חיים יוסף,251,זכר,,False,2015-03-20T12:03:08
2566,צוקר,דוד,251,זכר,,False,2015-03-20T12:03:08
2567,צור,זאב,251,זכר,,False,2015-03-20T12:03:08
2568,צור,יעקב,251,זכר,,False,2015-03-20T12:03:08
2569,צור,צבי,251,זכר,,False,2015-03-20T12:03:08
2570,צידון,יואש,251,זכר,,False,2015-03-20T12:03:08
2571,ציזלינג,אהרן,251,זכר,,False,2015-03-20T12:03:08
2572,צימרמן,צבי,251,זכר,,False,2015-03-20T12:03:08
2573,צפורי-הנדין,מרדכי,251,זכר,,False,2015-03-20T12:03:08
2574,קהלני,אביגדור,251,זכר,,False,2015-03-20T12:03:08
2575,קול,משה,251,זכר,,False,2015-03-20T12:03:08
2576,קולס,אליעזר,251,זכר,,False,2015-03-20T12:03:08
2577,קופמן,חיים,251,זכר,,False,2015-03-20T12:03:08
2578,קוק,הלל,251,זכר,,False,2015-03-20T12:03:08
2579,קורן,דוד,251,זכר,,False,2015-03-20T12:03:08
2580,קורן,יצחק,251,זכר,,False,2015-03-20T12:03:08
2581,קורפו,חיים,251,זכר,,False,2015-03-20T12:03:08
2582,קושניר,יוסף,251,זכר,,False,2015-03-20T12:03:08
2583,קיסר,ישראל,251,זכר,,False,2015-03-20T12:03:08
2584,קליבנוב,יעקב,251,זכר,,False,2015-03-20T12:03:08
2585,קלינגהופר,יצחק-הנס,251,זכר,,False,2015-03-20T12:03:08
2586,קלמר,משה,251,זכר,,False,2015-03-20T12:03:08
2587,קמין,ברוך,251,זכר,,False,2015-03-20T12:03:08
2588,קנב,יצחק,251,זכר,,False,2015-03-20T12:03:08
2589,קסיס,מסעד,251,זכר,,False,2015-03-20T12:03:08
2590,קפלן,אליעזר,251,זכר,,False,2015-03-20T12:03:08
2591,קצב,נוזהת,250,נקבה,,False,2015-03-20T12:03:08
2592,קרגמן,ישראל,251,זכר,,False,2015-03-20T12:03:08
2593,קרמרמן,יוסף,251,זכר,,False,2015-03-20T12:03:08
2594,ראם,דוד,251,זכר,,False,2015-03-20T12:03:08
2595,רבין,יצחק,251,זכר,,False,2015-03-20T12:03:08
2596,רבינוביץ,יהושע,251,זכר,,False,2015-03-20T12:03:08
2597,רובין,בן-ציון,251,זכר,,False,2015-03-20T12:03:08
2598,רובין,חנן,251,זכר,,False,2015-03-20T12:03:08
2599,רוזוליו,דניאל,251,זכר,,False,2015-03-20T12:03:08
2600,רוזן,פנחס,251,זכר,,False,2015-03-20T12:03:08
2601,רוזן,שלמה,251,זכר,,False,2015-03-20T12:03:08
2602,רום,יוסף,251,זכר,,False,2015-03-20T12:03:08
2603,רון,אמרי,251,זכר,,False,2015-03-20T12:03:08
2604,רונן,אליעזר,251,זכר,,False,2015-03-20T12:03:08
2605,רוקח,ישראל,251,זכר,,False,2015-03-20T12:03:08
2606,רז,נחמן,251,זכר,,False,2015-03-20T12:03:08
2607,רזיאל-נאור,אסתר,250,נקבה,,False,2015-03-20T12:03:08
2608,רייסר,מיכאל,251,זכר,,False,2015-03-20T12:03:08
2609,רימלט,אלימלך-שמעון,251,זכר,,False,2015-03-20T12:03:08
2610,ריפתין,יעקב,251,זכר,,False,2015-03-20T12:03:08
2611,רכטמן,שמואל,251,זכר,,False,2015-03-20T12:03:08
2612,רמז,אהרן,251,זכר,,False,2015-03-20T12:03:08
2613,רמז,דוד,251,זכר,,False,2015-03-20T12:03:08
2614,רנר,צבי,251,זכר,,False,2015-03-20T12:03:08
2615,רפאל,יצחק,251,זכר,,False,2015-03-20T12:03:08
2616,רפטור,ברל,251,זכר,,False,2015-03-20T12:03:08
2617,רצון,מנחם,251,זכר,,False,2015-03-20T12:03:08
2618,רקנטי,אברהם,251,זכר,,False,2015-03-20T12:03:08
2619,שאג,אברהם חיים,251,זכר,,False,2015-03-20T12:03:08
2620,שאקי,אבנר-חי,251,זכר,,False,2015-03-20T12:03:08
2621,שאקי,שלום אברהם,251,זכר,,False,2015-03-20T12:03:08
2622,שגב,גונן,251,זכר,,False,2015-03-20T12:03:08
2623,שגיא,גדעון,251,זכר,,False,2015-03-20T12:03:08
2624,שגיא,יהושע,251,זכר,,False,2015-03-20T12:03:08
2625,שובל,זלמן,251,זכר,,False,2015-03-20T12:03:08
2626,שומר,פנחס,251,זכר,,False,2015-03-20T12:03:08
2627,שוסטק,אליעזר,251,זכר,,False,2015-03-20T12:03:08
2628,שופמן,יוסף,251,זכר,,False,2015-03-20T12:03:08
2629,שוקן,גרשום,251,זכר,,False,2015-03-20T12:03:08
2630,שורש,שמואל,251,זכר,,False,2015-03-20T12:03:08
2631,שזר,זלמן,251,זכר,,False,2015-03-20T12:03:08
2632,שחור,בנימין,251,זכר,,False,2015-03-20T12:03:08
2633,שחל,משה,251,זכר,,False,2015-03-20T12:03:08
2634,שטרית,שמעון,251,זכר,,False,2015-03-20T12:03:08
2635,שטרן,אברהם,251,זכר,,False,2015-03-20T12:03:08
2636,שטרן,דוד,251,זכר,,False,2015-03-20T12:03:08
2637,שטרן,מרדכי-חיים,251,זכר,,False,2015-03-20T12:03:08
2638,שטרן-קטן,שרה,250,נקבה,,False,2015-03-20T12:03:08
2639,שיטרית,בכור-שלום,251,זכר,,False,2015-03-20T12:03:08
2640,שיכמן,שבתאי,251,זכר,,False,2015-03-20T12:03:08
2641,שילוח,צבי,251,זכר,,False,2015-03-20T12:03:08
2642,שילנסקי,דב,251,זכר,,False,2015-03-20T12:03:08
2643,שינמן,פנחס,251,זכר,,False,2015-03-20T12:03:08
2644,שיפמן,דוד,251,זכר,,False,2015-03-20T12:03:08
2645,שכטרמן,אברהם,251,זכר,,False,2015-03-20T12:03:08
2646,שלום,אפרים,251,זכר,,False,2015-03-20T12:03:08
2647,שליטא,בני,251,זכר,,False,2015-03-20T12:03:08
2648,שם-טוב,ויקטור,251,זכר,,False,2015-03-20T12:03:08
2649,שמאי,יעקב,251,זכר,,False,2015-03-20T12:03:08
2650,שמואלי,דורון,251,זכר,,False,2015-03-20T12:03:08
2651,שמחונית,יהודית,250,נקבה,,False,2015-03-20T12:03:08
2652,שמיר,יצחק,251,זכר,,False,2015-03-20T12:03:08
2653,שמיר,משה,251,זכר,,False,2015-03-20T12:03:08
2654,שמעוני,חביב,251,זכר,,False,2015-03-20T12:03:08
2655,שערי,יהודה,251,זכר,,False,2015-03-20T12:03:08
2656,שפט,גרשון,251,זכר,,False,2015-03-20T12:03:08
2657,שפטל,אריה,251,זכר,,False,2015-03-20T12:03:08
2658,שפי,יעקב,251,זכר,,False,2015-03-20T12:03:08
2659,שפייזר,אליהו,251,זכר,,False,2015-03-20T12:03:08
2660,שפירא,אברהם,251,זכר,,False,2015-03-20T12:03:08
2661,שפירא,חיים משה,251,זכר,,False,2015-03-20T12:03:08
2662,שפירא,יעקב-שמשון,251,זכר,,False,2015-03-20T12:03:08
2663,שפר,זאב,251,זכר,,False,2015-03-20T12:03:08
2664,שפרינצק,יאיר,251,זכר,,False,2015-03-20T12:03:08
2665,שפרינצק,יוסף,251,זכר,,False,2015-03-20T12:03:08
2666,שרי,ראובן,251,זכר,,False,2015-03-20T12:03:08
2667,שריר,אברהם,251,זכר,,False,2015-03-20T12:03:08
2668,שרף,זאב,251,זכר,,False,2015-03-20T12:03:08
2669,ששון,אליהו,251,זכר,,False,2015-03-20T12:03:08
2670,ששון-סילס,בנימין,251,זכר,,False,2015-03-20T12:03:08
2671,תבורי,אפרים,251,זכר,,False,2015-03-20T12:03:08
2672,תיכון,דן,251,זכר,,False,2015-03-20T12:03:08
2673,תלמי,אמה,250,נקבה,,False,2015-03-20T12:03:08
2674,תלמי,מאיר,251,זכר,,False,2015-03-20T12:03:08
2675,תמיר,יוסף,251,זכר,,False,2015-03-20T12:03:08
2676,תמיר,שמואל,251,זכר,,False,2015-03-20T12:03:08
3175,גולן,אראלה,250,נקבה,,False,2015-03-20T12:03:08
3256,גרי,יעקב מאיר,251,זכר,,False,2015-03-20T12:03:08
3257,דולצ'ין,אריה,251,זכר,,False,2015-03-20T12:03:08
3258,טולידאנו,יעקב משה,251,זכר,,False,2015-03-20T12:03:08
3259,כהן,חיים,251,זכר,,False,2015-03-20T12:03:08
3260,כץ,ישראל,251,זכר,,False,2015-03-20T12:03:08
3261,נאמן,יעקב,251,זכר,,False,2015-03-20T12:03:08
3262,עמיטל,יהודה,251,זכר,,False,2015-03-20T12:03:08
3263,שפירא,יוסף,251,זכר,,False,2015-03-20T12:03:08
4035,רוזנבלום,פנינה,250,נקבה,,False,2015-03-20T12:03:08
4155,אילן,טובה,250,נקבה,,False,2015-03-20T12:03:08
4156,צור,רונן,251,זכר,,False,2015-03-20T12:03:08
4175,קורן,דני,251,זכר,,False,2015-03-20T12:03:08
4217,טרטמן,אסתרינה,250,נקבה,,False,2015-03-20T12:03:08
4218,אנג'ל,אורנה,250,נקבה,,False,2015-03-20T12:03:08
4235,דוברין,נטע,250,נקבה,,False,2015-03-20T12:03:08
4295,סוייד,חנא,251,זכר,,False,2015-05-27T13:20:12.81
4297,צרצור,אברהים,251,זכר,,False,2015-05-27T13:14:49.49
4298,איתן,רפי,251,זכר,,False,2015-03-20T12:03:08
4299,בן-יזרי,יעקב,251,זכר,,False,2015-03-20T12:03:08
4300,שרוני,משה,251,זכר,,False,2015-03-20T12:03:08
4301,זיו,יצחק,251,זכר,,False,2015-03-20T12:03:08
4302,גלנטי,יצחק,251,זכר,,False,2020-07-09T13:56:22.67
4303,גלזר,אלחנן,251,זכר,,False,2015-03-20T12:03:08
4304,מרום שלו,שרה,250,נקבה,,False,2015-03-20T12:03:08
4355,חסון,יואל,251,זכר,,False,2019-05-14T11:02:55.443
4375,דותן,עמירה,250,נקבה,,False,2015-03-20T12:03:08
4376,חסון,ישראל,251,זכר,,False,2015-03-20T12:03:08
4395,דיכטר,אבי,251,זכר,davraham@knesset.gov.il,True,2022-11-10T11:19:09.323
4396,רייכמן,אוריאל,251,זכר,,False,2015-03-20T12:03:08
4397,אלקין,זאב,251,זכר,zelkin@knesset.gov.il,True,2022-11-10T11:19:09.4
4398,בן-ששון,מנחם,251,זכר,,False,2015-03-20T12:03:08
4399,ברזניץ,שלמה,251,זכר,,False,2015-03-20T12:03:08
4400,תירוש,רונית,250,נקבה,,False,2015-03-20T12:03:08
4401,שנלר,עתניאל,251,זכר,,False,2015-03-20T12:03:08
4402,יצחקי,אביגדור,251,זכר,,False,2015-03-20T12:03:08
4403,מרציאנו,יורם,251,זכר,,False,2015-03-20T12:03:08
4404,חילו,נאדיה,250,נקבה,,False,2015-03-20T12:03:08
4405,יחימוביץ',שלי,250,נקבה,,False,2019-11-06T09:39:02.517
4406,אילון,עמיחי,251,זכר,,False,2015-03-20T12:03:08
4407,ברוורמן,אבישי,251,זכר,,False,2015-05-27T13:13:39.08
4408,שמטוב,ליה,250,נקבה,,False,2015-03-20T12:03:08
4409,מילר,אלכס,251,זכר,,False,2015-05-27T13:17:46.237
4410,שגל,יוסף,251,זכר,,False,2015-03-20T12:03:08
4411,מיסז'ניקוב,סטס,251,זכר,,False,2015-03-20T12:03:08
4412,אילטוב,רוברט,251,זכר,,False,2019-05-14T10:57:49.45
4413,אהרונוביץ',יצחק,251,זכר,,False,2015-05-27T13:21:45.693
4414,כהן,יעקב,251,זכר,,False,2015-03-20T12:03:08
4415,זכור,עבאס,251,זכר,,False,2015-03-20T12:03:08
4416,חנין,דב,251,זכר,,False,2019-05-14T11:03:58.947
4417,אטיאס,אריאל,251,זכר,,False,2015-03-20T12:03:08
4418,אמסלם,חיים,251,זכר,,False,2019-04-15T19:52:38.227
4419,מיכאלי,אברהם,251,זכר,,False,2015-05-27T13:16:08.32
4635,חרמש,שי,251,זכר,,False,2015-03-20T12:03:08
5395,בלשניקוב,אבי,251,זכר,,False,2015-03-20T12:03:08
5895,ורדי,הרצל,251,זכר,,False,2015-03-20T12:03:08
5897,לוריא,צבי,251,זכר,,False,2015-03-20T12:03:08
5898,סגל,צבי,251,זכר,,False,2015-03-20T12:03:08
5899,שטנר,מרדכי,251,זכר,,False,2015-03-20T12:03:08
5900,שטרנברג,בן-ציון,251,זכר,,False,2015-03-20T12:03:08
5901,אוסטר,דניאל ,251,זכר,,False,2015-03-20T12:03:08
5902,ברלין,אליהו,251,זכר,,False,2015-03-20T12:03:08
5903,גולד,זאב,251,זכר,,False,2015-03-20T12:03:08
5904,גרינבוים,יצחק,251,זכר,,False,2015-03-20T12:03:08
5906,דובקין,אליהו,251,זכר,,False,2015-03-20T12:03:08
5907,כובאשי,סעדיה,251,זכר,,False,2015-03-20T12:03:08
5908,קצנלסון,אברהם,251,זכר,,False,2015-03-20T12:03:08
5909,פישמן,יהודה לייב הכהן,251,זכר,,False,2015-03-20T12:03:08
5955,קשת,בן-ציון,251,זכר,,False,2015-03-20T12:03:08
5956,לסקוב,ציפורה,250,נקבה,,False,2015-03-20T12:03:08
5975,אופיר,אריה,251,זכר,,False,2015-03-20T12:03:08
5976,אירסרזון,זאב,251,זכר,,False,2015-03-20T12:03:08
5977,בורלא,יהודה,251,זכר,,False,2015-03-20T12:03:08
5978,ברלין,מאיר,251,זכר,,False,2015-03-20T12:03:08
5979,הגר,מנחם,251,זכר,,False,2015-03-20T12:03:08
5980,הרטמן,מאיר,251,זכר,,False,2015-03-20T12:03:08
5981,וילקומיץ,אסף,251,זכר,,False,2015-03-20T12:03:08
5982,וינשטיין,ברוך,251,זכר,,False,2015-03-20T12:03:08
5983,טצה,משה,251,זכר,,False,2015-03-20T12:03:08
5984,כהן,ישראל,251,זכר,,False,2015-03-20T12:03:08
5985,כצנלסון,רחל,250,נקבה,,False,2015-03-20T12:03:08
5986,לופבן,יצחק,251,זכר,,False,2015-03-20T12:03:08
5987,למברגר,שמואל,251,זכר,,False,2015-03-20T12:03:08
5988,לנדוי,יעקב,251,זכר,,False,2015-03-20T12:03:08
5989,משאט,יהודה,251,זכר,,False,2015-03-20T12:03:08
5990,סירקיס,דניאל,251,זכר,,False,2015-03-20T12:03:08
5991,רובין,יעקב,251,זכר,,False,2015-03-20T12:03:08
5992,שוורץ,קופל,251,זכר,,False,2015-03-20T12:03:08
6076,רותם,דוד,251,זכר,,False,2015-05-27T13:19:46.083
6095,פרידמן,דניאל,251,זכר,,False,2015-03-20T12:03:08
6235,נפאע,סעיד,251,זכר,,False,2015-03-20T12:03:08
6835,ינון,איל,251,זכר,,False,2020-05-05T10:13:59.407
7035,בן ישראל,יצחק,251,זכר,,False,2015-03-20T12:03:08
7736,פלסנר,יוחנן,251,זכר,,False,2015-03-20T12:03:08
9315,מולה,שלמה,251,זכר,,False,2015-03-20T12:03:08
9615,בר,יחיאל חיליק,251,זכר,,False,2019-05-14T11:03:10.517
10355,בהיינה,מזור,251,זכר,,False,2015-03-20T12:03:08
10555,שנאן,שכיב מוראד,251,זכר,,False,2015-03-20T12:03:08
11235,ליטינצקי,לאון,251,זכר,,False,2015-05-27T13:21:56.323
11436,סחרוביץ,אלברט,251,זכר,,False,2020-06-30T14:09:09.01
11835,מקלב,אורי,251,זכר,umaklev@knesset.gov.il,True,2022-11-10T11:19:09.34
12595,גרינפילד,צביה,250,נקבה,,False,2015-03-20T12:03:08
12835,פולק,יהושע מנחם,251,זכר,,False,2015-03-20T12:03:08
12935,אדטו,רחל,250,נקבה,,False,2015-03-20T12:03:08
12936,אגבאריה,עפו,251,זכר,,False,2015-05-27T13:24:29.247
12937,אקוניס,אופיר,251,זכר,,False,2022-11-10T11:19:09.34
12938,עמאר,חמד,251,זכר,amarh@knesset.gov.il,True,2022-11-10T11:19:09.417
12939,אילון,דניאל,251,זכר,,False,2015-03-20T12:03:08
12941,בילסקי,זאב,251,זכר,,False,2015-03-20T12:03:08
12942,בן-ארי,מיכאל,251,זכר,,False,2015-03-20T12:03:08
12943,ביבי,אריה,251,זכר,,False,2015-03-20T12:03:08
12944,דנון,דני,251,זכר,ddanon@knesset.gov.il,True,2022-11-15T17:49:51.487
12945,גנאים,מסעוד,251,זכר,,False,2019-05-14T11:00:08.643
12946,הרשקוביץ,דניאל,251,זכר,,False,2015-03-20T12:03:08
12947,הורוביץ,ניצן,251,זכר,,False,2021-04-04T00:24:59.38
12948,חוטובלי,ציפי,250,נקבה,,False,2020-09-06T11:44:13.517
12949,כץ,יעקב,251,זכר,,False,2020-07-09T13:59:37.31
12950,קירשנבאום,פניה,250,נקבה,,False,2015-05-27T13:24:38.2
12951,לוין,יריב,251,זכר,ylevin@knesset.gov.il,True,2022-11-10T11:19:09.51
12952,לוי אבקסיס,אורלי,250,נקבה,,False,2021-04-04T00:24:59.113
12953,מטלון,משה (מוץ),251,זכר,,False,2015-03-20T12:03:08
12954,מיכאלי,אנסטסיה,250,נקבה,,False,2015-03-20T12:03:08
12955,מוזס,מנחם אליעזר,251,זכר,,False,2019-05-14T11:02:15.103
12956,אורבך,אורי,251,זכר,,False,2015-05-27T13:16:20.77
12957,פלד,יוסי,251,זכר,,False,2015-05-27T13:21:04.19
12958,פיניאן,ציון,251,זכר,,False,2015-03-20T12:03:08
12959,רגב,מירי מרים,250,נקבה,mregev@knesset.gov.il,True,2022-11-10T11:19:09.603
12960,שאמה-הכהן,כרמל,251,זכר,,False,2015-03-20T12:03:08
12961,שי,נחמן,251,זכר,,False,2021-06-13T22:49:35.74
12962,טיבייב,רוברט,251,זכר,,False,2019-05-14T10:57:57.1
12963,יעלון,משה,251,זכר,,False,2021-04-12T13:12:32.87
12964,זועבי,חנין,250,נקבה,,False,2019-05-14T11:04:43.027
12965,זוארץ,אורית,250,נקבה,,False,2015-03-20T12:03:08
12966,בן-סימון,דניאל,251,זכר,,False,2015-03-20T12:03:08
13830,שמאלוב-ברקוביץ,יוליה,250,נקבה,,False,2015-03-20T12:03:08
13955,לנדאו,דן,251,זכר,,False,2015-06-28T19:09:43.98
14470,וילף,עינת,250,נקבה,,False,2015-03-20T12:03:08
17630,אבסדזה,נינו,250,נקבה,,False,2015-03-20T12:03:08
18990,אביטל,דורון,251,זכר,,False,2015-03-20T12:03:08
21431,דואן,אברהם,251,זכר,,False,2015-03-20T12:03:08
22091,צלנר,יובל,251,זכר,,False,2015-05-27T13:20:44.393
22151,חסון,אכרם,251,זכר,,False,2019-05-14T11:05:45.127
22811,דבאח,אחמד,251,זכר,,False,2015-03-20T12:03:08
22911,אדמסו,אללי,251,זכר,,False,2015-03-20T12:03:08
23511,בנט,נפתלי,251,זכר,,False,2021-04-04T00:24:59.397
23512,שקד,אילת,250,נקבה,,False,2022-11-06T18:35:09.483
23531,בן-דהן,אלי,251,זכר,,False,2019-11-06T09:37:26.79
23532,כלפה,זבולון,251,זכר,,False,2015-05-27T13:20:03.593
23533,וורצמן,אברהם,251,זכר,,False,2017-01-29T13:16:35.887
23534,יוגב,מרדכי,251,זכר,,False,2020-05-17T15:28:37.583
23551,סטרוק,אורית מלכה,250,נקבה,ostruk@knesset.gov.il,True,2022-11-10T11:19:09.34
23552,שטבון,יוני,251,זכר,,False,2015-05-27T13:20:53.99
23553,מועלם-רפאלי,שולי,250,נקבה,,False,2019-05-14T10:55:42.033
23555,שמיר,יאיר,251,זכר,,False,2015-05-27T13:20:33.853
23556,פייגלין,משה זלמן,251,זכר,,False,2019-04-15T19:57:06.093
23557,אוחיון,שמעון,251,זכר,,False,2015-05-27T13:26:12.173
23558,ביטן,דוד,251,זכר,dbitan@knesset.gov.il,True,2022-11-10T11:19:09.387
23560,מלינובסקי,יוליה,250,נקבה,ymalinovsky@knesset.gov.il,True,2022-11-10T11:19:09.463
23564,אמסלם,דוד,251,זכר,davidam@knesset.gov.il,True,2022-11-10T11:19:09.387
23565,מיכאלי,מרב,250,נקבה,michaelim@knesset.gov.il,True,2022-11-10T11:19:09.62
23566,שפיר,סתיו,250,נקבה,,False,2020-05-17T15:28:58.48
23567,מרגלית,אראל,251,זכר,,False,2017-12-26T17:56:04.24
23568,שמולי,איציק,251,זכר,,False,2020-03-12T12:45:08.543
23569,רוזנטל,מיקי,251,זכר,,False,2019-05-14T11:02:07.547
23570,בירן,מיכל,250,נקבה,,False,2019-05-14T11:02:00.903
23571,מזרחי,משה,251,זכר,,False,2019-05-14T11:00:22.2
23572,עטר,דניאל,251,זכר,,False,2015-11-29T09:15:27.983
23573,יונה,יוסי,251,זכר,,False,2019-05-14T11:03:00.383
23591,שטרן,אלעזר,251,זכר,sterne@knesset.gov.il,True,2022-11-10T11:19:09.353
23592,צור,דוד,251,זכר,,False,2015-05-27T13:19:36.073
23594,לפיד,יאיר,251,זכר,ylapid@knesset.gov.il,True,2022-11-10T11:19:09.433
23595,פירון,שי,251,זכר,,False,2015-09-17T12:29:48.833
23596,גרמן,יעל,250,נקבה,,False,2020-05-17T15:28:11.127
23597,כהן,מאיר,251,זכר,cohenmeir@knesset.gov.il,True,2022-11-10T11:19:09.543
23598,פרי,יעקב,251,זכר,,False,2018-02-09T11:40:41.273
23599,לביא,עליזה,250,נקבה,,False,2019-05-14T10:59:12.03
23600,שלח,עפר,251,זכר,,False,2020-12-29T13:56:32.963
23601,רזבוזוב,יואל,251,זכר,,False,2023-09-26T10:34:40.237
23602,קול,עדי,250,נקבה,,False,2015-05-27T13:24:01.397
23631,אלהרר,קארין,250,נקבה,kelharrar@knesset.gov.il,True,2022-11-10T11:19:09.777
23632,לוי,מיקי,251,זכר,mickeylevy@knesset.gov.il,True,2022-11-10T11:19:09.59
23633,סולומון,שמעון,251,זכר,,False,2015-05-27T13:26:29.983
23634,קלדרון,רות,250,נקבה,,False,2015-05-27T13:25:29.463
23635,תמנו,פנינה,250,נקבה,ptamano@knesset.gov.il,True,2022-11-10T11:19:09.76
23636,פרנקל,רינה,250,נקבה,,False,2015-05-27T13:25:40.527
23637,קריב,יפעת,250,נקבה,,False,2015-05-27T13:21:35.35
23638,ליפמן,דב,251,זכר,,False,2015-05-27T13:19:26.697
23639,טופורובסקי,בועז,251,זכר,btoporovsky@knesset.gov.il,True,2022-11-10T11:19:09.353
23640,הופמן,רונן,251,זכר,,False,2015-05-27T13:25:13.433
23641,אשר,יעקב,251,זכר,yakova@knesset.gov.il,True,2022-11-10T11:19:09.497
23642,אבו עראר,טלב,251,זכר,,False,2019-05-14T11:04:48.58
23643,גטאס,באסל,251,זכר,,False,2017-09-07T14:22:32.65
23651,זנדברג,תמר,250,נקבה,,False,2021-04-04T00:24:59.537
23652,פריג',עיסאווי,251,זכר,,False,2023-07-12T17:36:21.843
23653,רוזין,מיכל,250,נקבה,,False,2022-11-06T18:38:07.56
23673,בר לב,עמר,251,זכר,,False,2021-04-04T00:24:59.457
24332,פלוט,רונן,251,זכר,,False,2016-06-20T15:49:06.89
28513,בן צור,יואב,251,זכר,ybentzur@knesset.gov.il,True,2022-11-10T11:19:09.433
29855,אדרי,ליאור,251,זכר,,False,2015-05-27T13:22:18.413
30014,הורוביץ,הלל אילן,251,זכר,,False,2015-05-27T13:19:54.907
30054,מגל,ינון,251,זכר,,False,2016-01-18T18:53:11.643
30055,סמוטריץ',בצלאל,251,זכר,bezalels@knesset.gov.il,True,2022-12-15T17:36:50.43
30056,לוי,ז'קי,251,זכר,,False,2018-11-18T13:23:37.193
30057,קיש,יואב,251,זכר,yoavk@knesset.gov.il,True,2022-11-10T11:19:09.447
30058,זוהר,מכלוף מיקי,251,זכר,mzohar@knesset.gov.il,True,2022-11-10T11:19:09.603
30059,ברקו,ענת,250,נקבה,,False,2019-05-14T10:59:25.077
30060,טרכטנברג,מנואל,251,זכר,,False,2018-07-12T11:04:00.907
30061,סויד,רויטל,250,נקבה,,False,2020-05-17T15:29:16.397
30062,בהלול,זוהיר,251,זכר,,False,2018-10-18T11:06:53.51
30063,ברושי,איתן,251,זכר,,False,2019-05-14T11:06:01.353
30064,סבטלובה,קסניה,250,נקבה,,False,2019-05-14T10:57:42.02
30065,נחמיאס ורבין,איילת,250,נקבה,,False,2019-05-14T10:56:50.623
30066,עודה,איימן,251,זכר,aymanod@knesset.gov.il,True,2022-11-10T11:19:09.34
30067,תומא סלימאן,עאידה,250,נקבה,aidat@knesset.gov.il,True,2022-11-10T11:19:09.713
30068,חאג' יחיא,עבד אל חכים,251,זכר,,False,2019-11-06T09:38:39.033
30069,ג'בארין,יוסף,251,זכר,,False,2021-04-12T13:14:57.157
30070,סעדי,אוסאמה,251,זכר,,False,2021-04-04T00:24:59.113
30071,אבו מערוף,עבדאללה,251,זכר,,False,2017-08-13T09:34:29.94
30074,ילין,חיים,251,זכר,,False,2019-05-14T11:04:29.447
30076,גל,שרון,251,זכר,,False,2015-09-06T16:04:37.79
30077,גלנט,יואב,251,זכר,yoavg@knesset.gov.il,True,2022-11-10T11:19:09.447
30078,אלאלוף,אלי,251,זכר,,False,2019-05-14T11:05:36.583
30079,אורן,מיכאל,251,זכר,,False,2019-11-06T09:30:52.313
30080,עזריה,רחל,250,נקבה,,False,2019-05-14T10:58:10.48
30081,פלוסקוב,טלי,250,נקבה,,False,2022-08-07T09:48:36.127
30082,שאשא ביטון,יפעת,250,נקבה,yifatsh@knesset.gov.il,True,2022-11-10T11:19:09.497
30083,כהן,אלי,251,זכר,elic@knesset.gov.il,True,2022-11-10T11:19:09.34
30084,פולקמן,רועי,251,זכר,,False,2019-11-06T09:45:24.147
30094,בוקר,נאוה,250,נקבה,,False,2019-05-14T11:00:28.93
30095,נגוסה,אברהם,251,זכר,,False,2019-05-14T10:56:15.837
30096,קורן,נורית,250,נקבה,,False,2019-05-14T11:00:34.597
30097,מזוז,ירון,251,זכר,,False,2019-11-06T09:50:29.78
30098,חזן,אורן אסף,251,זכר,,False,2019-05-14T10:56:36.207
30099,בן ראובן,איל,251,זכר,,False,2021-07-06T14:37:30.137
30102,בן ארי,מירב,250,נקבה,bmerav@knesset.gov.il,True,2022-11-10T11:19:09.59
30106,לזימי,נעמה,250,נקבה,naamalazimi@knesset.gov.il,True,2022-11-10T11:19:09.697
30117,גבאי,אבי,251,זכר,,False,2019-11-06T09:37:49.02
30118,השכל,שרן מרים,250,נקבה,shaskel@knesset.gov.il,True,2022-11-10T11:19:09.84
30121,פורר,עודד,251,זכר,odedfo@knesset.gov.il,True,2022-11-10T11:19:09.713
30289,כהן-פארן,יעל,250,נקבה,,False,2019-05-14T11:03:17.573
30299,נתונים,אין,251,זכר,,False,2020-11-26T14:41:44.713
30300,אוחנה,אמיר,251,זכר,amiro@knesset.gov.il,True,2022-11-10T11:19:09.353
30328,גואטה,יגאל,251,זכר,,False,2017-10-29T16:00:51.913
30407,גליק,יהודה,251,זכר,,False,2019-05-14T11:02:47.437
30470,מלכיאלי,מיכאל,251,זכר,malkielim@knesset.gov.il,True,2022-11-10T11:19:09.557
30480,בצלאל,אברהם,251,זכר,avrahambb@knesset.gov.il,True,2022-12-13T18:55:12.027
30520,אזברגה,ג'מעה,251,זכר,,False,2021-02-25T10:42:14.583
30548,אלחרומי,סעיד,251,זכר,,False,2021-08-29T15:04:33.957
30549,סיידה,דן,251,זכר,,False,2019-05-14T11:04:09.613
30550,חג'אזי,אבראהים,251,זכר,,False,2017-10-29T09:24:44.487
30554,סעד,סאלח,251,זכר,,False,2019-05-14T10:58:44.353
30555,פדידה,לאה,250,נקבה,,False,2019-05-14T11:01:35.563
30558,עטאונה,יוסף,251,זכר,ayosef@knesset.gov.il,True,2022-11-10T11:19:09.463
30588,יונס,ואאל,251,זכר,,False,2018-08-12T11:13:06.943
30601,אזולאי,ינון,251,זכר,yazulai@knesset.gov.il,True,2022-11-10T11:19:09.48
30628,אבו רחמון,ניבין,250,נקבה,,False,2019-05-14T11:00:47.267
30646,מארק,אוסנת הילה,250,נקבה,,False,2021-04-12T13:16:25.897
30654,סיום,פנתהון,251,זכר,,False,2019-05-14T10:59:31.9
30657,גנץ,בנימין,251,זכר,bgantz@knesset.gov.il,True,2022-11-10T11:19:09.353
30660,ארבל,משה,251,זכר,marbel@knesset.gov.il,True,2022-11-10T11:19:09.637
30662,כהנא,מתן,251,זכר,mkahana@knesset.gov.il,True,2022-11-10T11:19:09.667
30671,טסלר,יעקב,251,זכר,ytesler@knesset.gov.il,True,2022-11-10T11:19:09.497
30672,פינדרוס,יצחק,251,זכר,ypindrus@knesset.gov.il,True,2022-11-06T18:46:28.287
30677,אשכנזי,גבי,251,זכר,,False,2020-03-12T12:45:08.73
30678,ניסנקורן,אבי,251,זכר,,False,2021-01-05T12:26:29.18
30679,חיימוביץ',מיקי,250,נקבה,,False,2020-03-12T12:45:09.277
30680,הנדל,יועז,251,זכר,,False,2021-04-04T00:24:59.24
30681,ברביבאי,אורנה,250,נקבה,,False,2023-08-01T11:55:18.827
30682,ביטון,מיכאל מרדכי,251,זכר,mbiton@knesset.gov.il,True,2022-11-10T11:19:09.557
30683,טרופר,חילי,251,זכר,ctropper@knesset.gov.il,True,2022-11-10T11:19:09.417
30684,האוזר,צבי,251,זכר,,False,2021-06-15T19:00:28.82
30685,פרקש הכהן,אורית,250,נקבה,ofarkash@knesset.gov.il,True,2022-11-10T11:19:09.34
30686,כהן,מירב,250,נקבה,mecohen@knesset.gov.il,True,2022-11-10T11:19:09.59
30687,זמיר,אסף,251,זכר,,False,2021-07-06T15:10:00.84
30688,שי,יזהר,251,זכר,,False,2021-04-18T11:46:38.04
30689,ינקלביץ',עומר,250,נקבה,,False,2021-07-06T15:21:08.72
30690,כמאל מריח,ע'דיר,250,נקבה,,False,2020-03-12T12:45:09.67
30691,בן ברק,רם,251,זכר,rbenbarak@knesset.gov.il,True,2022-11-10T11:19:09.793
30692,פרומן,אורלי,250,נקבה,,False,2020-03-12T12:45:08.527
30693,גינזבורג,איתן,251,זכר,,False,2022-11-06T18:55:57.16
30694,שוסטר,אלון,251,זכר,aschuster@knesset.gov.il,True,2022-11-10T11:19:09.34
30695,סגלוביץ',יואב,251,זכר,yoavse@knesset.gov.il,True,2022-11-10T11:19:09.447
30696,שפע,רם,251,זכר,,False,2022-11-06T18:42:16.26
30698,רוסו,טל,251,זכר,,False,2019-10-03T15:25:13.3
30700,ברקת,ניר,251,זכר,nbarkat@knesset.gov.il,True,2022-11-10T11:19:09.683
30701,כץ,אופיר,251,זכר,okatz@knesset.gov.il,True,2022-11-10T11:19:09.34
30702,עטייה,חוה אתי,250,נקבה,hatia@knesset.gov.il,True,2022-11-06T18:41:51.45
30703,ברק,קרן,250,נקבה,,False,2023-09-18T11:31:47.18
30704,קרעי,שלמה,251,זכר,shlomok@knesset.gov.il,True,2022-11-10T11:19:09.807
30705,שיר סגמן,מיכל,250,נקבה,mshir@knesset.gov.il,True,2022-11-10T11:19:09.573
30706,שטרית,קטי קטרין,250,נקבה,kshitrit@knesset.gov.il,True,2021-04-04T00:24:59.49
30707,מולא,פטין,251,זכר,,False,2021-04-04T00:24:59.457
30708,גולן,מאי,250,נקבה,mgolan@knesset.gov.il,True,2022-11-10T11:19:09.543
30709,דיין,עוזי,251,זכר,,False,2021-04-12T13:17:19.367
30710,קלנר,אריאל,251,זכר,kallner@knesset.gov.il,True,2023-01-06T14:56:20.81
30711,הלוי,עמית,251,זכר,ahalevi@knesset.gov.il,True,2021-02-25T11:42:09.287
30713,עבאס,מנסור,251,זכר,mabas@knesset.gov.il,True,2022-11-10T11:19:09.62
30714,שחאדה,אנטאנס,251,זכר,,False,2022-11-07T17:26:38.887
30715,יזבק,היבה,250,נקבה,,False,2021-02-25T10:41:21.243
30716,פרץ,רפי,251,זכר,,False,2020-03-12T12:45:10.043
30717,סופר,אופיר,251,זכר,osofer@knesset.gov.il,True,2022-11-10T11:19:09.34
30718,סילמן,עידית,250,נקבה,isilman@knesset.gov.il,True,2022-11-10T11:19:09.73
30719,כסיף,עופר,251,זכר,ocassif@knesset.gov.il,True,2022-11-10T11:19:09.73
30720,להב הרצנו,יוראי,251,זכר,ylahav@knesset.gov.il,True,2022-11-10T11:19:09.48
30721,רול,עידן,251,זכר,iroll@knesset.gov.il,True,2022-11-10T11:19:09.747
30722,סובה,יבגני,251,זכר,esova@knesset.gov.il,True,2022-11-10T11:19:09.433
30723,אבידר,אלי,251,זכר,,False,2022-08-16T14:36:04.653
30724,יברקן,דסטה גדי,251,זכר,,False,2022-08-07T09:51:06.807
30741,קושניר,אלכס,251,זכר,,False,2021-04-04T00:24:59.13
30743,גולן,יאיר,251,זכר,,False,2022-11-06T18:38:44.73
30745,מגן תלם,לימור,250,נקבה,,False,2021-06-15T21:08:56.087
30746,איפראימוב,מרק,251,זכר,,False,2020-05-17T15:28:46.583
30749,אבוטבול,משה,251,זכר,mabutbul@knesset.gov.il,True,2022-11-10T11:19:09.62
30750,עסאקלה,ג'אבר,251,זכר,,False,2021-02-25T10:43:08.523
30751,אבו שחאדה,סמי,251,זכר,,False,2022-11-07T17:25:06.457
30752,טאהא,ווליד,251,זכר,hak_taha@knesset.gov.il,True,2022-11-10T11:19:09.4
30758,ח'טיב יאסין,אימאן,250,נקבה,ayasin@knesset.gov.il,True,2022-11-10T11:19:09.34
30759,סאלח,סונדוס,250,נקבה,,False,2021-02-25T10:42:49.637
30760,קוז'ינוב,אנדרי,251,זכר,,False,2020-04-06T16:40:12.26
30761,אביטן,יעקב,251,זכר,,False,2020-05-17T21:21:38.37
30762,וונש,מיכל,250,נקבה,,False,2020-06-22T15:05:35.423
30763,קאבלה,עינב,250,נקבה,,False,2021-01-05T12:26:02.283
30764,פרידמן,תהלה,250,נקבה,,False,2020-06-21T12:02:32.98
30765,בוסו,אוריאל,251,זכר,urielb@knesset.gov.il,True,2022-11-10T11:19:09.34
30766,שי וזאן,הילה,250,נקבה,,False,2021-03-16T10:26:55.237
30767,חסיד,אליהו,251,זכר,,False,2020-10-14T13:18:04.13
30768,ברוכי,אליהו,251,זכר,ebaruchi@knesset.gov.il,True,2023-01-25T12:59:49.197
30769,בקלש,סמי,251,זכר,,False,2021-06-27T14:47:44.96
30770,טייב,יוסף,251,זכר,jtaieb@knesset.gov.il,True,2022-11-10T11:19:09.463
30771,חסייסי,ראדה,250,נקבה,,True,2020-11-23T17:53:19.69
30772,ואטורי,ניסים,251,זכר,nvaturi@knesset.gov.il,True,2022-11-10T11:19:09.683
30773,שטרן,שבח,251,זכר,,False,2020-12-28T15:28:09.463
30774,יוגב,מטי,250,נקבה,,False,2020-12-28T15:27:56.69
30775,רון בן משה,יעל,250,נקבה,,False,2022-11-06T18:56:11.323
30776,בליאק,ולדימיר,251,זכר,vbeliak@knesset.gov.il,True,2022-11-10T11:19:09.4
30777,טור פז,משה,251,זכר,mturpaz@knesset.gov.il,True,2022-11-10T11:19:09.65
30778,וסרמן לנדה,רות,250,נקבה,,False,2021-06-28T19:05:53.24
30779,כנפו,ענת,250,נקבה,,False,2021-02-02T13:55:28.573
30780,כץ,רון,251,זכר,rkatz@knesset.gov.il,True,2022-11-10T11:19:09.793
30781,שפק,נירה,250,נקבה,,False,2021-04-20T14:12:45.05
30782,מזרסקי,טטיאנה,250,נקבה,tmazarsky@knesset.gov.il,True,2022-11-10T11:19:09.417
30783,פרידמן,יסמין,250,נקבה,yfridman@knesset.gov.il,True,2022-11-10T11:19:09.48
30784,בזק,ענבר,250,נקבה,,False,2021-06-28T19:01:00.5
30786,שיקלי,עמיחי,251,זכר,ashikly@knesset.gov.il,True,2022-11-10T11:19:09.747
30787,אורבך,ניר,251,זכר,,False,2021-04-04T00:24:59.38
30788,קארה,אביר,251,זכר,,False,2022-11-21T08:33:56.067
30789,פינטו קדוש,שירלי,250,נקבה,,False,2021-06-28T19:03:30.267
30791,כלפון,יום טוב חי,251,זכר,,False,2021-08-09T16:48:55.243
30794,שטרקמן,אורנה,250,נקבה,,False,2022-09-13T11:29:41.723
30796,שיין,יוסף,251,זכר,,False,2021-06-15T18:53:53.963
30797,יצחק-הלוי,מאיר,251,זכר,,False,2022-11-21T08:38:30.19
30799,בוסקילה,מישל,251,זכר,,False,2022-11-06T18:55:42.65
30803,גנאים,מאזן,251,זכר,,False,2021-04-04T00:24:59.287
30804,ביטון,חיים,251,זכר,chbiton@knesset.gov.il,True,2022-11-10T11:19:09.4
30805,רינאוי-זועבי,ג'ידא,250,נקבה,,False,2021-06-21T16:20:38.887
30806,מואטי,אמילי חיה,250,נקבה,,False,2021-06-21T16:16:17.473
30807,קריב,גלעד,251,זכר,gkariv@knesset.gov.il,True,2022-11-10T11:19:09.387
30808,רייטן מרום,אפרת,250,נקבה,eraiten@knesset.gov.il,True,2022-11-10T11:19:09.353
30809,דיסטל אטבריאן,גלית,250,נקבה,gdistal@knesset.gov.il,True,2022-11-10T11:19:09.37
30810,וולדיגר,מיכל מרים,250,נקבה,michalwoldiger@knesset.gov.il,True,2022-11-20T11:03:14.053
30811,בן גביר,איתמר,251,זכר,ibengvir@knesset.gov.il,True,2022-11-10T11:19:09.34
30812,רוטמן,שמחה,251,זכר,srothman@knesset.gov.il,True,2022-11-10T11:19:09.823
30813,מראענה,אבתיסאם,250,נקבה,,False,2021-06-21T16:19:25.11
30814,מעוז,אבי,251,זכר,amaaoz@knesset.gov.il,True,2022-11-10T11:19:09.323
30815,ברדץ' יאלוב,אלינה,250,נקבה,,False,2021-06-15T21:06:34.9
30816,מרעי,מופיד,251,זכר,,False,2021-06-15T21:03:49.633
30817,טל,אלון,251,זכר,,False,2022-10-27T19:05:23.467
30818,לסקי,גבי,250,נקבה,,False,2021-06-28T19:02:49.3
30819,סגל,גיל,251,זכר,,False,2021-06-27T15:00:19.913
30820,דוידסון,סימון,251,זכר,hak_davidson@knesset.gov.il,True,2022-11-10T11:19:09.697
30821,סלאלחה,עלי,251,זכר,,False,2022-11-06T18:38:30.06
30823,רופא אופיר,שרון,250,נקבה,,False,2022-08-16T14:37:12.783
30824,חן,יובל,251,זכר,yuvalH@knesset.gov.il,True,2021-11-30T13:36:41.1
30830,טל,אוהד,251,זכר,ohtal@knesset.gov.il,True,2022-11-10T11:19:09.34
30831,דלל,אלי,251,זכר,edalal@knesset.gov.il,True,2022-11-14T20:52:08.933
30832,רביבו,אליהו,251,זכר,erevivo@knesset.gov.il,True,2022-11-10T11:19:09.353
30833,כהן,אלמוג,251,זכר,almcohen@knesset.gov.il,True,2022-11-10T11:19:09.353
30835,ביסמוט,בועז,251,זכר,bbismut@knesset.gov.il,True,2022-11-14T20:53:33.68
30836,איזנקוט,גדי,251,זכר,gadieisenkot@knesset.gov.i,True,2023-02-01T13:35:24.627
30837,ביטון,דבי,250,נקבה,dvbiton@knesset.gov.il,True,2022-11-10T11:19:09.387
30839,אילוז,דן,251,זכר,hak_diluz@knesset.gov.il,True,2023-01-05T13:44:30.33
30840,אלהואשלה,ואליד,251,זכר,waleed.alh@knesset.gov.il,True,2023-02-01T15:51:18.54
30842,מלביצקי,חנוך דב,251,זכר,chmelavitzky@knesset.gov.il,True,2022-11-10T11:19:09.417
30843,חוג'יראת,יאסר,251,זכר,yschogarat@knesset.gov.il,True,2022-11-14T20:52:47.973
30846,גולדקנופ,יצחק,251,זכר,ygoldknop@knesset.gov.il,True,2022-11-10T11:19:09.51
30847,וסרלאוף,יצחק שמעון,251,זכר,yvaserlof@knesset.gov.il,True,2022-11-10T11:19:09.51
30849,סון הר מלך,לימור,250,נקבה,lsun.har@knesset.gov.il,True,2022-11-10T11:19:09.527
30851,צרפתי הרכבי,מטי,250,נקבה,mattisarfatti@knesset.gov.il,True,2022-11-29T17:40:19.58
30852,סולומון,משה,251,זכר,mosolomon@knesset.gov.il,True,2022-11-10T11:19:09.65
30853,סעדה,משה,251,זכר,mosaada@knesset.gov.il,True,2022-11-10T11:19:09.65
30854,שירי,נאור,251,זכר,nshiri@knesset.gov.il,True,2022-11-29T17:38:44.31
30857,אליהו,עמיחי,251,זכר,abene@knesset.gov.il,True,2022-11-20T11:03:38.487
30859,פוגל,צביקה,251,זכר,tzfoghel@knesset.gov.il,True,2022-11-22T18:12:07.463
30860,גוטליב,טלי,250,נקבה,tgotlib@knesset.gov.il,True,2022-11-14T21:02:50.323
30861,דנינו,שלום,251,זכר,shdanino@knesset.gov.il,True,2022-11-10T11:19:09.807
30863,ניר,שרון,250,נקבה,shnir@knesset.gov.il,True,2022-11-15T14:30:05.17
30866,דרמר,רון,251,זכר,rondermer@knesset.gov.il,True,2022-12-29T19:13:14.463
30867,קרויזר,יצחק,251,זכר,ykroyer@knesset.gov.ik,True,2023-01-01T13:54:28.123
30868,מישרקי,יונתן,251,זכר,hak_jmishraki@knesset.gov.il,True,2023-01-03T11:31:29.83
30869,אדרי,משה צ'יקו,251,זכר,mosheed@knesset.gov.il,True,2023-01-11T11:02:47.54
30870,רוט,משה,251,זכר,hak_mroth@knesset.gov.il,True,2023-02-05T16:34:42.453
30871,מירון,שלי טל,250,נקבה,hak_shellym@knesset.gov.il,True,2023-02-06T08:35:16.783
30872,מושיאשוילי,סימון,251,זכר,,True,2023-02-05T17:11:18.793
30873,מלול,ארז,251,זכר,hak_malul@knesset.gov.il,True,2023-02-02T15:46:36.337
30874,סוכות,צבי ידידיה,251,זכר,tzvisuccot@knesset.gov.il,True,2023-02-07T13:36:01.143
30875,מלקו,צגה,250,נקבה,,True,2023-02-12T16:55:30.037
30876,שקלים,אושר,251,זכר,oshkalim@knesset.gov.il,True,2023-02-15T14:44:11.063
30877,פסל,משה,251,זכר,hak_passal@knesset.gov.il,True,2023-03-12T11:31:19.467
30879,גואטה,ששון ששי,251,זכר,hak_guetta@knesset.gov.il,True,2023-03-26T11:46:04.663
30880,בוארון,אביחי אברהם,251,זכר,,False,2023-10-15T10:57:00.713
30881,לוי,ירון,251,זכר,yalevi@knesset.gov.il,True,2023-08-06T13:17:50.56
